seed,AR_max,succ,omega,deltag,deltal
412,1.0,1.0,0.99999896,0.37475261,1.0
413,0.9999918613567812,0.99975,0.94846588647126,0.4891163549958079,1.0
416,0.9969005611144895,0.76165,0.8039990433803657,0.3155285508304703,1.0
419,1.0,1.0,0.9999947457316696,0.3738787264313588,0.996409984407004
424,0.9962922506073488,0.92915,0.8797171738625745,0.3781877705542772,0.9999908291209404
430,1.0,1.0,0.99999896,0.4310388152667099,0.9999961570458092
431,0.9985468273899212,0.6883,0.9999285103749403,0.4201528073281678,1.0
432,0.9660674114853196,0.17435,1.0,0.4143475512492039,1.0
434,0.9983176436867556,0.9385,0.8759066905006943,0.3697113720454124,0.9999733511464612
435,1.0,1.0,1.0,0.3787210744195403,0.9985538240276092
436,0.9999926674169948,0.99995,0.9999981623980674,0.3541553863231834,0.9524587516354472
437,0.9840069317290088,0.4177,0.9982918792550222,0.3552835077052203,1.0
438,1.0,1.0,0.99999896,0.37475261,1.0
439,1.0,1.0,0.99999896,0.37475261,1.0
442,0.9793568157033806,0.21355,1.0,0.2953520095971885,1.0
446,0.9999969588458144,0.9999,0.9828639737864142,0.3607527077957099,1.0
447,0.9999801436497682,0.99975,0.8729573560470185,0.342773285177902,0.9960938207342716
449,0.9999082405922852,0.99925,0.9952010541394046,0.9944132828499844,1.0
450,0.986121366765616,0.4927,0.9967792485903602,0.3357429388175016,1.0
455,0.9894123801084236,0.7699,0.9329212641283912,0.2886061993294153,0.9999987322415236
456,0.9844193413486668,0.8387,0.6997967081254907,0.3389576841926558,1.0
457,1.0,1.0,0.9999945195082158,0.58861653489039,0.9999667120377662
458,1.0,1.0,1.0,0.4344335050445224,1.0
459,0.9999780286865814,0.99945,0.9813823264537632,0.3596694121080624,1.0
461,1.0000000000000002,1.0,0.99999896,0.37475261,1.0
466,0.9999993342374552,0.9998,0.899740908405055,0.5070334675964908,0.9926024964687712
469,0.9834695758372868,0.3922,0.9976333878339676,0.3721128617539712,1.0
470,0.9999740693151826,0.9998,0.8151198819499395,0.3749621546992338,0.999605290462611
471,0.9795272859245931,0.25935,1.0,0.3865667585997419,1.0
472,0.9924459902866618,0.19935,0.9999999999999998,0.2791797457816677,0.9563894588367642
473,0.994616593432007,0.82345,0.6402532701210918,0.4224984806486919,1.0
476,0.9856363921077358,0.09595,0.8378011453772967,0.4879911137476517,1.0
477,1.0,1.0,1.0,0.3661492983186128,0.9541595652236324
481,0.9773914372232684,0.46435,0.8738623753061355,0.3240862403560092,0.9999999999999996
483,0.9770000290212582,0.0,0.5233698013301971,0.3733320505905887,1.0
484,0.9995300271526292,0.99435,0.84614056170357,0.3988386406949509,0.9999999999999998
486,1.0,1.0,0.99999896,0.5796096267110474,0.999977613191366
488,1.0,1.0,0.99999896,0.5892392601153154,0.9998616833597236
491,0.9971673796498908,0.96765,0.7518188363229087,0.5222006565777803,1.0
494,1.0,1.0,0.99999896,0.37475261,1.0
495,1.0,1.0,0.99999896,0.37475261,1.0
496,0.9999961688003794,0.99995,0.99999896,0.37475261,0.7500000027509072
498,0.980089983968774,0.441,1.0,0.534488089155184,1.0
499,0.9876493454718556,0.6996,0.8748287060231471,0.3709913570943534,1.0
500,0.999938272694086,0.9825,0.9180066015088116,0.5020154337158707,1.0
501,0.9979291280522202,0.98285,0.7148270504580178,0.2258994512330887,1.0
507,0.999943540729635,0.9992,0.8233713132839848,0.4205859725554073,1.0
508,0.9999134440174444,0.99845,0.8795888799621799,0.3806045227133131,1.0
509,0.9994056160233392,0.98965,0.8121606710533441,0.3629484833539517,1.0
510,1.0,1.0,0.99999896,0.37475261,1.0
511,0.9746350249781937,0.64175,0.8429589392199697,0.3710824160320245,1.0
513,1.0,1.0,1.0,0.7107335413798248,0.98928872892464
515,0.992874165226601,0.84495,0.6528704106126686,0.4688822521893355,1.0
518,1.0,1.0,0.99999896,0.37475261,1.0
520,0.9999980653203692,0.9998,0.9817711727856572,0.4070668467251964,1.0
522,1.0,1.0,0.99999896,0.37475261,1.0
524,0.9999984346224678,0.99995,1.0,0.7496562434014995,1.0
526,0.9999860082079346,0.9999,0.8814605139418905,0.2943381850646223,1.0
527,0.9994793193438432,0.9599,0.8952347527764233,0.7904974787636758,0.9999801405855876
528,0.9916987773058252,0.8401,0.8446837602171889,0.240072303352781,0.9999897150035508
531,1.0,1.0,0.99999896,0.6064896503858823,0.9996507906019352
532,1.0,1.0,0.8770201840124963,0.3897842395898216,1.0
533,1.0,1.0,0.99999896,0.37475261,1.0
534,1.0,1.0,1.0,0.4196490718616842,0.9779568999987086
535,0.9989079965307892,0.98465,0.9844845992268376,0.3796637322519862,1.0
536,0.9998317632775046,0.99745,1.0,0.4335877840611267,0.9999999999999998
539,0.9953984970238094,0.3378,0.9992729416946958,0.9941097274052502,0.9999429577703506
540,1.0,1.0,0.99995024591807,0.5388396685750365,1.0
544,0.9967495846261634,0.9551,1.0,0.3766798862947545,0.9122528930351628
547,0.9976549368150596,0.013,0.9942284958991174,0.4228255594806238,1.0
548,1.0,1.0,0.8702128242004064,0.3723620616828034,1.0
549,0.9999350099221492,0.99965,1.0,0.8167950658545435,0.9277802812237204
551,1.0,1.0,1.0,0.6317708603152519,1.0
555,0.9724657611225644,0.4053,1.0,0.4121710118070936,0.9999999999999998
558,0.9999513383326948,0.9993,0.9951369298971572,0.3592781419450484,1.0
559,0.9942829810991884,0.9002,0.8362403463516919,0.3650502761400228,1.0
563,0.9966883163085596,0.9336,0.7791203399912812,0.2704479435417857,0.9999274682408074
565,1.0,1.0,0.99999896,0.37475261,1.0
566,0.9887347497957024,0.09865,1.0,0.3736228575822194,1.0
568,1.0,1.0,0.99999896,0.37475261,1.0
569,0.999811829923678,0.9936,0.9556347439199678,0.4455204050371213,1.0
575,1.0,1.0,0.9996864217471332,0.2747152996340973,1.0
576,0.999993447327514,0.9998,0.9999999999999996,0.3881569053674826,0.971338575585305
577,1.0,1.0,0.8749989870808463,0.37475261,1.0
578,1.0,1.0,1.0,0.9782040111681268,0.9280542517691222
581,1.0,1.0,0.99999896,0.37475261,1.0
582,1.0,1.0,1.0,0.37475261,1.0
584,1.0,1.0,0.99999896,0.37475261,1.0
585,0.973495272815325,0.35035,0.9546975896650564,0.535394812977806,1.0
586,0.9999540970816464,0.99955,0.8137469987311042,0.329110598021667,1.0
588,0.9999763508601892,0.99915,0.8286814245132248,0.4851638874303088,1.0
589,0.9872689521945188,0.3865,0.9823305468531792,0.4508184449983538,0.9999509723233938
591,1.0,1.0,0.99999896,0.37475261,1.0
595,1.0,1.0,1.0,0.282722856474372,1.0
597,0.9999736871473742,0.9996,0.7377860961184503,0.4829515656747965,1.0
598,0.9969900104652272,0.0028,1.0,0.3277241044860544,1.0
599,0.998129269190326,0.9553,0.8842173919756035,0.3627789905286953,1.0
601,0.9999982594280978,0.9998,0.999473354065089,0.3593136967263047,0.8010932106254993
602,0.9999936255883854,0.9999,0.8092587871489455,0.3002464464747353,0.9950038921295332
610,1.0,1.0,0.99999896,0.37475261,1.0
612,0.995806818604651,0.65435,0.9951089854834952,0.3110850973073458,1.0
614,0.9999842044581092,0.99995,1.0,0.4188674836006688,1.0
616,0.999674203136858,0.9974,0.9984684133862533,0.2518708550128106,0.9997102865666496
617,1.0,1.0,0.937329110091664,0.3299166761853533,1.0
618,1.0,1.0,0.8633331209447765,0.5504238918031624,0.962477384414708
621,0.9999970793201132,0.99995,1.0,0.4130750915691841,1.0
622,0.999105239571726,0.98645,0.9674692091100492,0.3777083660207271,1.0
625,0.9999815626539084,0.99995,0.99999896,0.37475261,0.75
627,0.9999154939567612,0.99735,0.8314602554264245,0.4247119753737093,1.0
628,0.9725783479299362,0.343,1.0,0.3873083622519314,1.0
629,0.99990963193658,0.9981,0.9863237342671592,0.370748940111085,1.0
630,0.999850054347826,0.9981,0.9782816012381222,0.9977437530952123,1.0
631,0.9987965643951076,0.89585,0.8596592969265705,0.2580150001256314,1.0
632,0.9997515944419454,0.9358,0.997452159108331,0.4546086715820993,1.0
635,0.9998959118598898,0.00335,1.0,0.3743633437682391,1.0
636,1.0,1.0,0.99999896,0.37475261,1.0
640,1.0,1.0,0.99999896,0.37475261,1.0
641,1.0,1.0,0.99999896,0.4192356347830103,0.9997391975466042
642,1.0,1.0,0.99999896,0.5730000709112081,0.9999847550956248
644,1.0,1.0,0.99999896,0.62475261,1.0
645,0.9726907384803172,0.2209,0.9999995766906512,0.3872977233073799,1.0
647,0.9995537690114068,0.99675,0.7969488468080047,0.4359392864068965,1.0
648,0.9999640334163858,0.9998,1.0,0.2564688015501527,0.9188552507430988
650,0.9925385961831168,0.66295,0.8511943284847919,0.3871314686319868,0.9999675187600752
651,0.999971102515382,0.99815,0.7628534917186764,0.4450640120676104,0.9996988075023444
655,1.0,1.0,1.0,1.0,1.0
658,0.9999962751198184,0.99995,0.8469342881713952,0.2417427015815558,0.9999999999999998
661,1.0,1.0,0.99999896,0.37475261,1.0
662,0.9967751155300376,0.92255,0.8145481644048115,0.2574889299460807,1.0
664,1.0,1.0,0.9761701158443672,0.3025785598972229,0.99924983220827
666,1.0,1.0,0.8749990004910109,0.37475261,1.0
667,0.9999819693169224,0.99945,0.9938481319069074,0.5714818885995665,1.0
668,0.9972078935211915,0.9519,0.8273390570625997,0.2949086219074001,1.0
672,1.0,1.0,0.99999896,0.37475261,1.0
673,1.0,1.0,0.999999901930428,0.37475261,0.7499998911885699
679,1.0,1.0,1.0,0.3336510911737281,1.0
681,0.9999461519507186,0.999,0.8383111006660185,0.6769434271608771,1.0
684,1.0,1.0,0.99999896,0.3747526691489097,0.75
685,0.9999895426968493,0.9999,0.99999896,0.37475261,1.0
686,1.0000000000000002,1.0,0.99999896,0.4549773167425197,0.9999567151843124
689,0.9922776017388572,0.64215,1.0,0.3608303041831263,0.9999792602108496
690,1.0,1.0,0.8526580124115418,0.4804445121015744,1.0
694,1.0,1.0,0.881855019943071,0.3684891983834095,1.0
696,1.0,1.0,0.9999975829217064,0.3747501164747221,0.9999738781888912
703,0.9999956276660572,0.99995,0.99999896,0.37475261,1.0
705,0.9999893774319064,0.9999,0.8755247926145299,0.2497895800906796,0.999955584672902
708,1.0,1.0,0.99999896,0.6056819304033039,0.9997228896051852
709,0.9874293148284244,0.74085,0.8556047741291416,0.5719162394226476,1.0
712,1.0,1.0,0.99999896,0.37475261,1.0
714,0.9976933579429734,0.94615,0.6867324787299255,0.157130116743418,0.9999367703991796
715,0.9782777149502728,0.1414,1.0,0.6190140953339255,1.0
716,0.9982011553273428,0.8443,0.9492754759333136,0.3642349413617354,1.0
722,1.0,1.0,0.8881961824796835,0.3195601739140375,0.998526216556937
723,0.9999731381659074,0.9997,1.0,0.3804324477096314,0.915760215430704
728,0.9999913703363512,0.9999,0.8102467047426894,0.4553494182518911,1.0
730,0.9866903874177178,0.37905,1.0,0.3823700168912587,1.0
732,0.9999980462937448,0.99995,1.0,0.3406387343656353,1.0
734,0.9999953416720316,0.9999,1.0,0.3992397005089004,1.0
735,0.988880899027172,0.85805,0.7358164746315687,0.375969269597639,1.0
736,0.999965761068423,0.9996,1.0,0.6236576228147949,0.6938130382475295
737,1.0,1.0,1.0,0.3882271284397123,1.0
740,0.9886510340927452,0.80395,1.0,0.3560350716789873,1.0
742,1.0,1.0,0.99999896,0.37475261,1.0
743,0.9999620415205654,0.9996,0.9987508618396568,0.3999141135657986,1.0
747,0.9818004302696948,0.38745,1.0,0.3127722667624446,0.997004760796515
749,1.0,1.0,0.9989821691794492,0.2938148997279622,0.9757420744198692
750,1.0,1.0,0.99999896,0.37475261,1.0
752,0.9819644731530076,0.34405,0.8477587223507131,0.4725698693129685,1.0
754,0.9998546895640688,0.318,0.9945234763437444,0.7019128083387856,0.9926577384163556
755,0.9998118615136876,0.99725,0.9279231179840908,0.3279690829219037,0.9999978692345504
757,1.0,1.0,1.0,0.835169595216785,0.9912792743285406
761,0.9941610748131144,0.90565,0.8356502856423902,0.379379861234273,1.0
768,0.9999849450140564,0.97675,1.0,0.3057289375326307,0.7650365577298522
772,0.9989155442955217,0.9905,0.4742867886229992,0.3289273048902738,1.0
775,0.9836434772307256,0.2768,1.0,0.5919168654988977,1.0
776,0.999957489324428,0.99985,0.674537854101495,0.6282049380326562,1.0
777,0.9997658693323814,0.5628,0.9980458021782648,0.4145334081008588,1.0
778,0.999996510775546,0.9999,0.9349226237349524,0.4086462095138279,1.0
779,1.0,1.0,1.0,0.8967820775563573,1.0
780,0.9999948141850864,0.99995,1.0,0.3993094305874385,1.0
782,0.9783358170691367,0.24055,0.9052702744241384,0.3999988092704508,0.9998948575719884
787,0.9920418122065728,0.2377,0.999757112057724,0.6243652274435899,0.9241076035157608
790,0.999994082115031,0.99995,0.8755625377720895,0.417374669630456,1.0
792,1.0000000000000002,1.0,0.9999999481488075,0.37475261,0.7499999534218794
794,0.9999962239819826,0.99985,1.0,0.5280541058765376,0.90738941108
797,0.999798354738202,0.9984,0.8239315725462715,0.2494141173813353,1.0
799,0.968373595505618,0.4006,1.0,0.3942396870072321,1.0
801,0.984368530176801,0.0576,1.0,0.3667133209796464,1.0
802,0.9999870817880928,0.99995,0.9792424307375068,1.0,0.3003919609033771
803,0.999803851347972,0.9895,0.82974754852763,0.4454990324139526,1.0
806,0.999997423450336,0.99995,0.99999896,0.37475261,1.0
808,0.9999969172297296,0.99995,1.0,0.3772971870054631,1.0
809,0.999873651999578,0.9925,0.9849996369035452,0.5430173796339639,1.0
810,0.9995595125414104,0.99475,0.8441643650238575,0.3780018693612782,1.0
814,1.0,1.0,1.0,0.1856249474104626,1.0
815,1.0,1.0,0.9999991771140232,0.3525008241260594,0.752396424329611
817,0.9999936853336784,0.99995,1.0,0.3172647850709504,0.8049105049884442
820,0.9954960619423652,0.9333,0.8913727752812516,0.3379785045836518,1.0
822,1.0,1.0,1.0,1.0,1.0
823,1.0,1.0,1.0,0.4071838053826437,1.0
825,1.0,1.0,0.9999526457539214,0.9408307256328944,0.999998970122838
826,0.999974858022398,0.9997,0.9839329254925616,0.3746543048173001,1.0
830,1.0,1.0,0.999999961250338,0.6636352095456943,1.0
831,0.984839626652238,0.2966,0.9990234375000951,0.4416541935179978,0.9999999891549136
832,0.999991046301864,0.9999,1.0,0.4093555050068949,1.0
833,0.980736036662835,0.20595,1.0,0.3866121257958205,1.0
0,0.998005545069632,0.94755,0.7389267022325718,0.4550413470987001,1.0
3,1.0,1.0,0.99999896,0.37475261,1.0
6,1.0,1.0,0.999990399605722,0.3747525975242864,0.999974357051558
7,0.9998726083964212,0.9981,0.8070326796301072,0.2763949345175632,1.0
9,0.996075994147463,0.915,0.8310898436328694,0.4975881125363482,1.0
10,0.9982924729304924,0.2479,0.9999999999999998,0.5520890715848272,0.8513377410705565
12,1.0,1.0,0.99999896,0.3747526232249033,0.7500000396987119
15,1.0,1.0,0.99999896,0.37475261,1.0
20,1.0,1.0,1.0,0.3649096704817681,1.0
21,1.0,1.0,0.9829781806340192,0.5309797099152825,0.9848634547558812
22,0.990800827452957,0.83855,0.8005336458657485,0.242526824269104,0.9999969921451588
23,0.997271687462864,0.95065,0.9807340492258454,0.3830598868059162,1.0
24,0.996050251941568,0.93915,0.8100303515528753,0.3434736804875474,1.0
26,0.999993380406002,0.99995,0.9999722496450753,0.9768635209161758,0.9999793385189516
27,1.0,1.0,1.0,0.5540466397876409,0.7078007533488389
28,0.9993570686222136,0.99135,0.9465954013875229,0.3781626441285102,0.8220737942564619
29,0.975549639041998,0.1436,1.0,0.6270091281646087,1.0
30,0.9895273958456274,0.24955,1.0,0.618546398680002,1.0
31,0.9903330426592124,0.77185,0.8425300544919182,0.4628702165107918,1.0
33,1.0,1.0,0.9999980373829084,0.3747365300481305,0.998797033905291
34,0.9998798108108108,0.9921,0.8237633692932238,0.4612951132862392,0.999899186219603
35,1.0,1.0,0.999979648355086,0.5339277587331447,0.999779660558544
36,1.0,1.0,1.0,0.4448680271090161,0.8936770054461926
41,0.9999769545713472,0.99925,0.960723836626407,0.371658970429966,1.0
46,0.9999918374608596,0.99995,0.8756609771631467,0.37475261,0.9997730214687056
47,0.9707909781920186,0.6733,0.766360999637734,0.2960394036431752,1.0
51,1.0,1.0,1.0,0.3166748720160792,0.7467231736842869
53,0.9997896544876888,0.9934,0.6873983658470262,0.4652198283964039,1.0
54,1.0,1.0,0.99999896,0.37475261,1.0
55,0.961803236879014,0.17995,1.0,0.3884993227172308,1.0
56,0.9858725517591772,0.5732,0.7840132712372812,0.4220093536344306,1.0
59,0.999977869882926,0.99985,0.984461523165942,0.2514542152570095,0.8186766610201811
60,1.0,1.0,0.9999999999999992,0.6028880852665924,0.9984516137337012
63,1.0,1.0,0.9563013535841376,0.2832248368809161,0.9345216593529522
64,0.99998661971831,0.99985,0.952600096954987,0.3735691295518516,1.0
68,1.0,1.0,0.9070728897391568,0.3837127360015423,0.9999999999999998
74,0.9997038358695124,0.99035,0.8099258461740846,0.4016755333604239,0.9995709134327272
77,1.0,1.0,0.9995663650191164,0.3706871867599021,0.7459914319422806
78,0.9988222616888351,0.9877,0.9991156877976384,0.3520873552592459,0.8912914683718944
79,0.9997853481824958,0.98135,0.8578773364872451,0.4309555027546515,0.9999999999999996
80,0.9960489522125736,0.91105,0.7777979841057602,0.5109635853364479,1.0
84,1.0,1.0,1.0,0.40600261,0.9999999450937602
86,1.0,1.0,0.99999896,0.37475261,1.0
89,0.9917634563317088,0.8954,0.8687469648483979,0.4091340329198862,0.999986187385661
90,1.0,1.0,0.99999896,0.37475261,1.0
91,0.9999936416485,0.9999,1.0,0.6253925763815935,1.0
92,0.990792161475487,0.06085,0.9943323779836064,0.3830161966544023,1.0
97,0.9981484802655846,0.9797,0.7259961763468648,0.5654082463557389,1.0
101,0.9999917953999312,0.9999,0.9743537864404702,0.6597822568648575,0.7542447783614461
103,0.9999889688117723,0.9999,0.9942998038145688,0.3544821799912367,1.0
106,0.9930385541164044,0.04405,0.9999995818553584,0.4263638207826083,0.999696311689188
109,1.0,1.0,0.99999896,0.7016940624721596,0.9998413583580184
112,1.0,1.0,1.0,0.3154208724978267,1.0
114,1.0,1.0,0.9999186039463294,0.568843410314499,0.9999883843150196
116,0.993063178344774,0.0087,1.0,0.3941968090695124,1.0
119,1.0,1.0,0.99999896,0.5350613527633898,0.999886279892744
120,0.9999376205377098,0.99835,0.8231021458032872,0.3697298874695623,1.0
124,0.9996365267866654,0.99475,0.8936865120815077,0.4430935047235602,1.0
125,0.9782101075,0.50125,1.0,0.3641756483017183,1.0
132,1.0,1.0,0.99999896,0.37475261,1.0
133,1.0,1.0,1.0,0.4369256180611956,1.0
135,1.0,1.0,1.0,0.3757741180645577,1.0
136,0.999295271715875,0.9943,0.998815924077661,0.6916149050625757,1.0
141,1.0,1.0,1.0,0.3873749573909697,0.444030124412946
145,0.9999957560031664,0.99995,0.9214724560138168,0.1998194042201378,0.9640302472847528
147,1.0,1.0,0.99999896,0.614972404418288,0.9998339923589676
150,0.9742772346738728,0.37965,1.0,0.3848503037003709,1.0
151,0.9871703574674344,0.03435,1.0,0.9350742215052452,1.0
152,0.9688598250690516,0.2235,0.9883832104067248,0.3329535892437817,1.0
153,0.9996938762229602,0.9788,0.612917770927163,0.2868059225033524,0.8850002700197608
154,0.9999575930750484,0.9997,0.8842532507793811,0.3772205101392919,1.0
156,1.0,1.0,0.99999896,0.37475261,1.0
158,1.0,1.0,0.99999896,0.37475261,1.0
159,1.0,1.0,1.0,0.5538107816333729,1.0
160,1.0,1.0,0.99999896,0.5999291779952733,0.9997439491954768
161,1.0,1.0,1.0,1.0,1.0
163,0.9982229587600334,0.6679,0.8562540852103372,0.2298677049189603,0.9999999999999998
165,0.9996915355556478,0.98825,0.9372963104003572,0.3511796917000397,1.0
166,1.0,1.0,1.0,0.4058660075724398,1.0
167,1.0,1.0,0.9733244839511224,0.3668411397787832,0.9789052448844188
168,0.9999970397823232,0.99995,0.943666459563991,0.9993790971275964,0.9629221557217236
169,0.9999945773183264,0.99995,0.9999989599700224,0.3747525037760515,0.7187500706196263
171,0.9990168281006456,0.98485,0.8951883880715967,0.6833068425121918,1.0
173,1.0,1.0,0.9999900748129644,0.4828742844725428,0.7724729630363769
183,1.0,1.0,0.99999896,0.37475261,1.0
184,0.9999463245802072,0.9993,0.7792210047539212,0.6085807563863087,1.0
185,0.9999956683804628,0.99995,1.0,0.3747408284118281,0.9994889406637348
186,0.999718599634555,0.97865,0.9551320686574504,0.5504244294337132,1.0
189,0.9996640854305876,0.9967,0.9307498812175612,0.3956222966737576,1.0
191,1.0,1.0,1.0,0.9505803130179352,0.9171984909093864
192,1.0,1.0,0.99999896,0.37475261,1.0
193,0.9999723810587446,0.9998,0.99999896,0.37475261,1.0
194,0.9999972037197232,0.99995,1.0,0.2003188483534221,0.965257105570856
195,0.9629041811987996,0.50935,0.8535665127343985,0.4023644667957469,1.0
197,1.0,1.0,0.999735834607036,0.571567056851018,0.9999987629964868
199,1.0,1.0,1.0,0.6397175627535086,1.0
204,1.0,1.0,1.0,0.4328475475138499,1.0
205,0.9947732764413384,0.7536,0.8359471370912421,0.4336139115926806,0.9999999999999998
208,0.9996695567179164,0.9919,0.7726253048710572,0.6219157451427282,0.9999880763325752
209,0.9949361582334016,0.42465,0.9996908366381388,0.4688216440899351,1.0
211,0.996716214335421,0.2793,1.0,0.6408724255845288,0.9984381065913536
213,0.9999383171106558,0.99885,0.8212340107723145,0.3866087043679997,0.9993335951273656
214,1.0,1.0,0.9999516458490524,0.5828058272927079,0.9999913974271004
218,1.0,1.0,1.0,0.5526546929458753,0.999734782234144
221,0.9997799164272656,0.98495,0.817713438729408,0.3784504708004124,1.0
222,1.0,1.0,1.0,0.4388820480276131,0.984072905195278
223,1.0,1.0,0.99999896,0.37475261,1.0
226,1.0,1.0,1.0,0.4659157352080343,1.0
228,0.9872711178599912,0.3932,0.9795292500987818,0.3619269120693671,1.0
230,0.999059062751408,0.66615,0.9932083246899732,0.3831727593113135,1.0
231,0.9774573086328612,0.19245,0.9998853836423444,0.6106539227709431,1.0
234,0.9900861515317289,0.5714,0.9081021826105626,0.3656048762410352,1.0
235,0.977912362649584,0.1528,0.9602727178312328,0.3699611808500389,1.0
236,1.0,1.0,1.0,0.4214048530984571,1.0
237,0.9738189888603256,0.1505,1.0,0.5003469353353265,1.0
238,1.0,1.0,0.99999896,0.37475261,1.0
241,1.0,1.0,0.99999896,0.37475261,1.0
244,0.9871314445425124,0.80555,0.8837043065543705,0.3376445743179091,0.9999966794398228
245,0.9999677825130604,0.99785,0.8770084885441355,0.4940704331655635,1.0
248,0.9630935411721746,0.0441,0.7910045179885687,0.322329136549365,1.0
249,0.9992745612092354,0.967,0.8706424218270286,0.2388737569640618,1.0
250,1.0,1.0,0.99999896,0.5811582541147213,0.9999915819658144
253,1.0,1.0,0.9821994959955308,0.3906449738266945,1.0
255,0.98903555345189,0.8257,0.817148292221396,0.3651235787519318,1.0
256,1.0,1.0,0.9745053760819432,0.496482346298501,1.0
257,0.9998647796655162,0.9982,0.9583465586114868,0.3102311433873262,1.0
260,0.995718580165003,0.93865,0.705381857218196,0.381330510305259,0.9999964513702198
263,1.0,1.0,0.99999896,0.5208375239996454,0.9996565169629592
264,0.9999646048902656,0.99975,1.0,0.393790272405314,0.9985347550078628
265,0.9997643012238452,0.9685,0.7339121510988571,0.517585577459746,1.0
266,0.9998805400138304,0.99875,1.0,0.3556337786039727,1.0
268,0.9999673236151604,0.9997,0.9382629427689412,0.371763455805522,1.0
269,0.9999985964249748,0.99995,1.0,0.376677200276497,0.9897772878997222
270,1.0,1.0,0.9712134236004608,0.9870869259899028,0.9999785737548104
273,0.998530885477349,0.96935,0.7650586018418456,0.2983443865193801,1.0
274,0.998165320424825,0.0,0.6622364633661914,0.3547507815338176,0.9477467549765294
277,1.0,1.0,0.99999896,0.37475261,1.0
278,0.99997551682312,0.99905,0.9999595006894476,0.1934973273598716,0.9992279663549232
280,0.9980172319099272,0.978,0.9830955413270716,0.3600217649548781,1.0
281,0.9914456320607716,0.0075,1.0,0.6886736814168885,1.0
283,0.9999975499947648,0.99995,0.99999896,0.37475261,1.0
284,0.9999878909817352,0.9999,0.8755807505847999,0.2497579100105837,0.9994171962567632
285,1.0,1.0,0.99999896,0.62475261,1.0
286,0.9999964387387872,0.9999,0.998872855823862,0.6201185989222439,0.9999338382286044
287,0.986278698224852,0.08835,0.7156204178144043,0.4546536985000793,1.0
288,1.0,1.0,0.99999896,0.37475261,1.0
289,0.9984262547134738,0.9776,0.9326602666701658,0.9955619060247852,1.0
290,0.9988272033185042,0.9817,0.7826361015628557,0.4380249367403672,1.0
297,0.9783053234025872,0.6097,0.7236469152123047,0.4771223716563394,0.9999962789081712
299,0.9984201282923508,0.9836,0.7301570107800074,0.4159135663229964,1.0
300,0.9951999210664798,0.0049,0.999897776926834,0.3643613783843527,0.9999999523715764
302,0.9998720105026256,0.99835,0.8225650425718749,0.2420064062640907,0.9999999999999996
303,0.9999737921906022,0.9997,0.9914340789181298,0.3846997686267091,0.9995656128684
304,0.9791562989302576,0.2069,1.0,0.3768582241872576,1.0
305,1.0,1.0,0.99999896,0.5472742750037687,0.999653197332642
306,0.9994412294327464,0.9603,0.8083305096820131,0.2922246962381045,0.9999999999999998
307,0.9998053282009726,0.99145,0.9860755507231392,0.4913007463762348,1.0
308,1.0,1.0,0.99999896,0.37475261,1.0
309,0.999547291687259,0.99775,0.5690265674490154,0.3987509657097676,1.0
310,0.9968818859731924,0.95815,0.7941739005055645,0.3917834237341453,1.0
311,0.9997535785730162,0.99295,0.9527603368694384,0.398361224149012,1.0
323,0.9992639788612342,0.9924,0.8996627791257077,0.9971779432460316,1.0
324,1.0,1.0,1.0,0.374751263895634,0.8756268314733551
325,0.976566144145722,0.15895,0.9904452853115142,0.6159081780313013,1.0
326,0.9945584301862764,0.3629,0.9887876163943486,0.3716230791293514,1.0
328,0.9986244578313253,0.9821,0.9720166829085428,0.3681055829858085,1.0
330,0.9949482986615062,0.3133,1.0,0.369446576468347,1.0
333,0.9999523827562692,0.9996,0.9794395990096978,0.9897820957660832,1.0
335,1.0,1.0,0.9644976266275338,0.3664755146183224,0.4971490030613867
338,0.9995779723760344,0.97885,0.7371030611039784,0.5174629654773283,1.0
340,0.9996985131542122,0.99545,0.6415588521617348,0.4181153598742496,1.0
342,1.0,1.0,0.9999920542979284,0.3087852805404726,0.9997511704289528
343,0.9496072187634178,0.33455,0.9907364921875482,0.37572653786211,1.0
346,0.9557377960434664,0.36145,0.999978321229905,0.3971722116294487,1.0
349,0.9999860215053764,0.99995,1.0,0.3881032499042571,0.7259556238884867
350,1.0,1.0,1.0,0.4050557392020574,1.0
351,0.9707580507079356,0.51065,0.793756270755777,0.4155749608692627,1.0
352,0.998743262531286,0.62085,0.873472275668827,0.4135008609975836,1.0
353,0.9999125516137186,0.9994,1.0,0.3858604572096936,0.7825843310040556
354,0.9999949305099584,0.99995,0.8740182084332514,0.7913631605317406,0.7612741781637375
358,0.98008381594906,0.3985,0.9369214745272032,0.3897259630813484,1.0
363,0.9997987682165164,0.9773,0.8760299394858139,0.3367051810220774,1.0
365,0.999684860383944,0.9878,0.6877239137814546,0.2871474863636573,1.0
366,1.0,1.0,0.9662248846968132,0.3323918920539168,0.9946223359910912
369,0.9999910850495802,0.99975,0.9238825524685556,0.5248212504731756,0.9981778099594496
373,0.9999941608433022,0.99995,1.0,0.420023318940765,0.946935896549404
374,0.9648093781200968,0.22545,1.0,0.39581694337247,1.0
375,0.999999027532824,0.99995,1.0,0.3661595876956059,1.0
378,1.0,1.0,0.99999896,0.37475261,1.0
382,1.0,1.0,0.9999989854470688,0.62475261,0.7512117979032051
383,0.9999903854753598,0.9999,0.99999896,0.37475261,1.0
384,0.9793924059139784,0.2811,1.0,0.6557852735139085,1.0
385,0.9998824068530374,0.9636,0.8774508223234231,0.4185772772652248,1.0
388,0.971957499124956,0.51105,0.9950543176079518,0.3821763348237869,1.0
392,0.983747658714511,0.6907,0.8603525275624413,0.3976457706405505,1.0
393,1.0,1.0,0.9941203963209506,1.0,0.9998943878385516
395,1.0,1.0,0.99999896,0.37475261,1.0
396,0.999994368140895,0.99995,1.0,0.397821562637233,1.0
397,0.9922195441710366,0.5489,0.8330111436375057,0.3627567125832271,1.0000000000000002
399,0.9997181552054506,0.99245,0.8303063038378458,0.9763873353405004,1.0
400,0.9999795507695656,0.99995,0.9999985165433936,0.3747491423014107,0.9990657719486216
403,1.0,1.0,0.99999896,0.37475261,1.0
404,1.0,1.0,0.8194230615426988,0.6068665929655346,0.975468608093196
405,0.9949509041161076,0.03635,1.0,0.3968650479453031,1.0
407,1.0,1.0,1.0,0.4529365796286713,0.9952366135731824
410,1.0,1.0,1.0,0.3319754959575923,1.0
835,1.0,1.0,0.9060557580809228,1.0,0.9976133961211116
836,0.976202839162886,0.4936,0.995096119296719,0.382607408642402,1.0
837,1.0,1.0,0.9991009528373768,0.2633843143575695,0.9990740813833636
838,0.9932577550570468,0.13245,1.0,0.6600374833099776,1.0
839,0.9999826113806796,0.99985,0.8665901822511155,0.2656055026545918,0.9996605414715988
840,0.9999957192511736,0.99955,0.9936858000731524,0.3255404429401448,0.961467910167602
841,1.0,1.0,0.9999696182046496,0.2985304512271634,0.9995206223549864
842,0.9990218460019744,0.9877,0.874836723041009,0.4128483396398424,0.9999999999999998
844,1.0,1.0,0.939548153194496,0.3992195071949081,0.8533450028762877
846,0.9999569354577807,0.9977,0.9985044100367164,0.5268179476596017,1.0
847,0.9702512240702672,0.3607,0.9994226338332332,0.3815858241828319,1.0
848,0.9997145138374104,0.9955,0.8740197999322898,0.3724782290078372,1.0
850,0.999928715708044,0.99945,0.6836866034769458,0.3690410155063378,1.0
851,0.9993299101674152,0.9812,0.99999896,0.37475261,1.0
852,0.9999827602739726,0.99985,0.99999896,0.37475261,1.0
854,0.999981785243742,0.9997,0.8819859094614685,0.3813815120622093,1.0
855,0.999999033209052,0.99995,0.9952272014445388,0.8690795169862878,0.9444107579179256
857,0.985016794474633,0.1784,1.0,0.3865133323177161,1.0
858,0.9946964303091964,0.7482,0.880278570774902,0.499884853229973,1.0
859,0.9996430791612784,0.99485,0.9159556569299256,0.582444532951696,1.0
865,0.9999279096398086,0.99925,0.9718431340588476,0.5717632016834604,0.9980754213741476
868,0.998902371820306,0.90625,0.8842579041204185,0.3714100838617749,0.999990431505612
869,0.979631458359346,0.1883,1.0,0.6243138830932167,1.0
871,0.9999787433616112,0.9998,0.9513880897554376,0.8764325126638969,1.0
874,1.0,1.0,0.99999896,0.37475261,1.0
875,1.0,1.0,1.0,1.0,0.7681920420528623
878,0.9999993124169412,0.99915,1.0,0.375917779014561,0.7159758565616724
881,0.9999940885416666,0.99995,0.972164091276688,0.3441481061145719,1.0
887,0.9999838356164384,0.99995,0.99999896,0.37475261,1.0
888,1.0,1.0,1.0,0.3891613206134732,1.0
890,0.9999315219654384,0.9987,0.9908544241430453,0.3546146122478502,1.0
893,0.9999871082587716,0.99995,1.0,0.4119484457339105,0.8458105562216686
896,0.9967395147827022,0.9174,0.9246025887174538,0.9495304266622948,1.0000000000000002
897,0.9999975102669404,0.99995,1.0,0.3430226183893387,0.9533528327281644
899,0.9999919016993156,0.99985,0.8400751272120093,0.3614605368028252,1.0
900,1.0,1.0,0.99999896,0.37475261,1.0
906,0.9999715389649618,0.9997,1.0,0.4091863812977594,1.0
909,0.9998200773518372,0.9973,0.8277047794350987,0.3773568137774858,0.9999482011422328
911,1.0,1.0,0.99999896,0.37475261,1.0
912,0.9999509749680814,0.98855,0.8037204198940869,0.3452207175035557,1.0
916,0.9941992342499126,0.8354,0.5067625665282707,0.2579593131080589,1.0
919,0.9960990757453164,0.00655,1.0,0.969203448617173,0.5464095347131921
923,0.9806588912526591,0.5347,0.9978039616601024,0.3794658317701516,0.9999999999999988
928,1.0,1.0,0.9996724135619284,0.3718669768315895,0.7363243344280368
933,0.9999885035056968,0.99955,0.9249703791944388,0.4357270332003784,1.0
935,1.0,1.0,0.9946650163195968,0.4200164260404169,0.9845403599456723
938,0.9961043454495762,0.78775,0.902090370526466,0.3758084240770432,1.0
939,1.0,1.0,0.99999896,0.37475261,1.0
942,1.0,1.0,0.99999896,0.37475261,1.0
943,0.999984192429022,0.9999,0.7524453505573286,0.8582803671778539,1.0
947,1.0,1.0,0.99999896,0.4881614093871488,0.9999122665307092
948,1.0,1.0,0.99999896,0.37475261,1.0
949,1.0,1.0,0.99999896,0.37475261,1.0
950,0.9957053538037596,0.9038,0.5398931954539868,0.7747778815194967,1.0
951,1.0,1.0,1.0,0.2572595579104096,0.8732625707974657
953,1.0,1.0,0.937789419259823,0.5056226265799483,0.8528814507747582
956,0.9993331495986848,0.89415,0.8642128583593153,0.225884329415808,1.0
960,0.9814324696132596,0.10395,0.9879839045328944,0.4957764435250087,0.9999999999999992
962,1.0,1.0,0.999479870669596,0.5950307407579613,0.9981191639365846
963,0.9853408874065944,0.64615,0.979159873983982,0.4233272864946817,0.9999992965502176
964,0.9864546665453,0.73015,0.7806344133813011,0.3515890941631523,1.0
973,0.9671523038321168,0.57935,1.0,0.657969990922507,0.9982026206755163
975,1.0,1.0,0.99999896,0.2308231830309489,0.8570145878490493
978,0.9999989091548884,0.99995,0.9990517568877004,0.8309784997225196,0.9475960121146302
981,0.9999972184531888,0.9999,0.8781253400243312,0.2287778715726362,0.9921276399382284
982,1.0,1.0,1.0,0.6768646532308837,0.7498688530893378
985,0.9999948583284703,0.99995,1.0,0.5258976046510003,0.991554088802608
986,0.9997612819283708,0.9933,0.7050530329085555,0.3215105619731957,1.0
988,1.0,1.0,1.0,0.289851326932163,0.9243755578393368
989,1.0,1.0,0.99999896,0.37475261,1.0
992,0.9999786901497576,0.99975,0.999990147336882,0.3747433845203033,0.9960826568541936
993,0.9992923076923078,0.0202,1.0,0.7376401913847376,0.9994566124851813
997,0.9804529281531208,0.12835,1.0,0.3768139545384457,0.9999999999999998
999,0.9994101728019068,0.9548,0.5956044578443639,0.3069643562633002,1.0
1000,0.9935427257336344,0.16985,0.9999999999999998,0.3753076768417595,0.9715509332205255
1001,0.9999950504124656,0.9998,1.0,0.4072042504276781,0.9409229375608416
1004,0.9982237265728284,0.9497,0.6387220136265771,0.3768390383706504,1.0
1005,1.0,1.0,1.0,0.4316798590816829,1.0
1006,0.9846074045285568,0.36065,1.0,0.3961646371586876,0.9999467911890214
1009,0.9969550513253638,0.9579,0.6636211638595604,0.3825760605827467,1.0
1011,1.0,1.0,0.7489914163706829,0.3191971340152935,1.0
1019,0.9998520592944294,0.9578,0.905551311231584,0.3914674515942668,1.0
1020,0.9999891327094113,0.9999,0.961165347032909,0.3621991442936194,0.9577793972558998
1021,0.9991296377875672,0.9862,0.9358812814786052,0.4031869779439233,1.0
1024,0.9997726310105184,0.99725,1.0,0.588455943449416,0.9999999999999998
1025,1.0,1.0,0.99999896,0.619656220724616,0.9999961954441824
1026,0.9999832168306754,0.99985,1.0,0.8174307017679565,0.8743089460378785
1031,0.9999944967760022,0.99995,1.0,0.3862625838471639,1.0
1032,0.9998761534621694,0.9967,0.6987920893142653,0.3104246095914257,0.9980966248074225
1034,0.9926851546160742,0.80105,0.6750003254779907,0.3843525032853096,1.0
1036,1.0,1.0,1.0,0.3745483631523205,0.998608445823905
1037,1.0,1.0,0.999992787354844,0.3747105593177192,0.9985750217960186
1040,0.999553792036723,0.9965,0.9948780825191864,0.3216161289507324,0.9999527740106664
1041,0.998635767882572,0.96485,0.8453113145758102,0.2887556547956229,1.0
1044,1.0,1.0,0.99999896,0.37475261,1.0
1045,1.0,1.0,0.9929054108745272,0.5085486545888518,1.0
1047,0.9983598200570551,0.58025,0.9491416280721549,0.3088740721845349,0.999976661462145
1051,0.9999978268578088,0.99995,1.0,0.316187244762102,1.0
1052,1.0000000000000002,1.0,0.9846260468959412,0.3592575836497537,1.0
1053,1.0,1.0,0.9988715775448316,0.5877483862014414,0.8769845261856798
1054,0.9999394880937222,0.9994,0.8513604744195962,0.3413541454914667,1.0
1056,0.9973700983861834,0.3383,1.0,0.8110555590143665,1.0
1057,0.9999772526296192,0.99975,0.9999888268779396,0.3749806202198619,0.999969773355119
1058,0.9441101460534496,0.3725,0.8453941120316063,0.4818587316119211,1.0
1059,1.0,1.0,1.0,0.4300051181336532,0.9281504004233168
1060,0.9941442057194192,0.0343,1.0,0.4568379503105611,1.0
1063,0.9999937640924464,0.9999,0.9845734135856236,0.3472403455839569,0.8797644025377843
1065,0.9858464307265266,0.02025,1.0,0.63270413906715,1.0
1066,1.0,1.0,1.0,0.6248795162018241,1.0
1067,0.9898003543453936,0.6485,1.0,0.3821103460212895,0.989500684351022
1068,1.0,1.0,0.99999896,0.37475261,1.0
1072,1.0,1.0,0.99999909000395,0.3758475447577661,0.7513959309403148
1073,0.9999722058591488,0.99975,1.0,0.3466491818718112,0.639567645928552
1075,0.9916274296721668,0.0246,0.9998549287707018,0.3786117522031885,0.9999718507962864
1076,0.9962161726120696,0.4802,0.8419953562849347,0.4473645198590409,1.0
1077,1.0,1.0,0.9999932023039688,0.5473801458268353,0.9999643584379608
1080,0.99482626385137,0.59785,0.9584221133975408,0.4512825071411033,1.0
1081,1.0,1.0,0.99999896,0.37475261,1.0
1084,1.0,1.0,1.0,0.3268808053492195,0.7786381510538178
1085,0.9999167185974048,0.77615,0.9707727610851178,0.3797520688686519,0.996552350786689
1087,1.0000000000000002,1.0,1.0,0.502663686078276,0.7567147870090691
1088,1.0,1.0,1.0,0.242763364981287,1.0
1089,0.9996264444945678,0.93185,0.8586343444126977,0.5125429759674294,1.0
1091,0.999297209088118,0.99045,0.9614499924934354,0.3484785840684347,0.9999999999999998
1093,1.0,1.0,0.9531936501512078,0.4831966680431569,0.9401140873258622
1094,1.0,1.0,0.99999896,0.37475261,1.0
1096,0.9761244402985074,0.4227,0.9846146415365306,0.6100975674487659,1.0
1098,1.0,1.0,0.99999896,0.37475261,1.0
1099,0.9999960011492453,0.99995,0.99999896,0.37475261,1.0
1100,1.0,1.0,1.0,0.3480149922705078,1.0
1103,1.0,1.0,0.99999896,0.37475261,1.0
1104,1.0,1.0,1.0,0.37475261,1.0
1105,0.999975679828646,0.9997,0.9987627421058958,0.367612830637165,1.0
1109,0.9724502391898608,0.2446,1.0,0.3705785188556546,0.6301486809660308
1110,0.9986804367725908,0.9799,0.7256017602814314,0.3570873757344138,1.0
1113,1.0,1.0,1.0,0.3728555688636089,1.0
1115,1.0,1.0,0.99999896,0.37475261,1.0
1117,1.0,1.0,1.0,1.0,1.0
1120,1.0,1.0,0.9281762042318512,0.2885646898524547,0.9365589890583884
1121,0.9919691180545932,0.00925,0.9999989368810556,0.3723278907873379,1.0
1122,0.9802024512642348,0.55915,0.9758521987184255,0.3310749639617168,1.0
1123,0.9915975591715976,0.9159,1.0,0.7784560857069678,0.9997506835709268
1125,0.9937660333868826,0.07595,1.0,0.799745320564985,0.9749269290255947
1127,1.0,1.0,0.917525067425532,0.3690394444873438,0.7271141596736126
1128,0.9992770287219366,0.92705,0.9999999999999998,0.6954593555755639,0.9949226599493664
1129,0.9999889262246116,0.9999,0.9839561227833712,0.3811454968498768,0.6457701930003494
1130,0.998523490120542,0.67175,0.99999996037088,0.627304598797244,1.0
1131,1.0,1.0,0.99999896,0.37475261,1.0
1135,1.0,1.0,0.99999896,0.37475261,1.0
1136,1.0,1.0,0.9684481382051124,0.5099459362029886,0.9990637006125416
1146,0.9996385156013332,0.99025,1.0,0.408652516375561,0.9996464980993311
1147,0.9991955640126062,0.9894,0.8152530342603498,0.4145051360346022,1.0
1148,0.9999434925772964,0.99875,0.8332100890362302,0.2726645866039369,0.9998345889894424
1150,1.0,1.0,0.903613871225496,0.9565340596947248,0.7418225113240999
1151,0.9999765537848604,0.9997,0.9853955391479418,0.4320238252198113,0.9997107906456488
1153,1.0,1.0,0.9269612363580524,0.4541152331291983,1.0
1154,1.0,1.0,0.99999896,0.37475261,1.0
1156,0.9999878979187844,0.99985,0.9163402787829494,0.3978929510061494,0.9999917219271184
1158,1.0,1.0,0.99999896,0.37475261,1.0
1162,0.9999607082109168,0.9997,0.9667185651224892,0.4832385256807683,1.0
1164,0.9999947860899228,0.99995,0.9999999999999998,0.666761560425611,0.8180148608294207
1166,0.998011938255646,0.94435,0.8437889816055139,0.3759172694295281,0.9999985458399367
1167,0.9986709594409556,0.93665,0.6695083514415981,0.2845585398192503,1.0
1168,0.9973283346036584,0.9609,0.810997505494424,0.3654717904582896,1.0
1172,1.0,1.0,0.9999999549575428,0.37475261,0.7499997967178961
1173,0.9999921999781204,0.99995,0.9999792979195464,0.319463933797765,0.7791615480482286
1174,0.9995491021324356,0.9954,0.9509852004113146,0.9926123709597404,1.0
1175,0.9997864619502316,0.9919,0.7487147500056655,0.2716126088089419,1.0
1178,0.9953771678693956,0.3022,1.0,0.5865592972736349,1.0
1180,0.999975483380404,0.99735,0.7787213241598385,0.4429153754411852,0.9999968437801576
1183,0.998921647149031,0.9874,0.7484175939616706,0.2170948535109489,1.0
1186,0.9999996631853786,0.99995,0.8141252834289504,0.3846172970103677,1.0
1187,0.999999104644656,0.9989,0.9987468687808984,0.4271005334048527,0.996792971971576
1190,0.9999524418604652,0.9992,0.99503988402904,0.5162522099609562,1.0
1191,1.0,1.0,1.0,1.0,0.7494238046547005
1192,0.9999396594361618,0.9996,1.0,0.4340481448338547,0.8921410540245119
1195,0.9999617778228258,0.99955,0.9941197406302672,0.3729351775852543,1.0
1200,0.9758298744503586,0.2442,1.0,0.4570069504341689,1.0
1202,1.0,1.0,0.99999896,0.37475261,1.0
1203,0.9983832008908234,0.61045,0.8686334453965685,0.3613477879002446,0.9999823957731078
1204,1.0,1.0,1.0,0.4982264308823952,0.6955065746304862
1207,0.9882126391562736,0.00275,0.9619019919089538,0.4501161146498477,1.0
1208,1.0,1.0,0.9999680355484906,0.5446275400539757,0.9996133571261056
1210,1.0,1.0,1.0,0.9999746560108436,1.0
1214,0.9898490210843376,0.21955,1.0,0.4091695980170884,1.0
1215,0.9999931509584664,0.99995,0.8709260483636186,0.3799451120336268,1.0
1217,1.0,1.0,1.0,0.3728756273153863,1.0
1218,0.9829617808375708,0.29395,1.0,0.5301751294602576,1.0
1220,0.9999896776530244,0.9999,0.8641499348586318,0.3388798676525128,0.9188299938207696
1223,1.0,1.0,0.8352726884745468,0.3869726769532036,0.9960052207023126
1224,0.9875333410929408,0.3429,1.0,0.4115355391370348,0.9999201150718688
1226,0.9965080866982066,0.8994,0.8453412652074259,0.5127098987468709,1.0
1229,1.0,1.0,0.99999896,0.62475261,1.0
1230,0.999568376407739,0.99455,0.988231336239134,0.3861724620687995,1.0
1232,1.0,1.0,0.99999896,0.37475261,1.0
1236,0.9999638501692192,0.9954,0.9905222776590384,0.381261635469576,0.999011683788084
1240,0.9998727789332936,0.99655,0.9854648619344102,0.4096038504393984,0.9998433725628494
1241,0.9932965446674537,0.87905,0.6180781819182272,0.2237567921498588,0.999996010612886
1242,0.99988395670797,0.9981,0.999997742429416,0.4905389904030082,1.0
1246,0.9999852456375838,0.99985,0.9789248893686096,0.8774553560947348,1.0
1251,0.9976612587695628,0.984,0.8533528380422389,0.1989900687659842,1.0
1252,0.9981781292241148,0.5228,0.9999784216966078,0.4200942065123471,0.9951007055250268
1259,0.9999951847221624,0.9999,0.9999999999999996,0.2619058710858392,0.6807123047975732
1262,0.999031271259729,0.9905,0.940353458752396,0.1609534086759936,1.0
1263,0.999978818055314,0.99975,0.990304939915418,0.9990381709478806,1.0
