n_nodos,atoms_w,atoms_l,seed,p_0,p_1,e_gap,e_0,e_1,succ,ar
7,4,3,0,0.9244,0.0756,0.07099999999999995,-1.9603,-1.8893,0.9244,0.9972618476763759
7,4,3,3,1.0,0.0,0.15569999999999995,-1.3131,-1.1574,1.0,1.0
7,4,3,4,0.99995,5e-05,0.2109000000000001,-1.7001,-1.4891999999999999,0.99995,0.9999933974472089
7,4,3,5,1.0,0.0,0.4416,-1.6183,-1.1767,1.0,1.0
7,4,3,6,1.0,0.0,0.0927,-1.7772000000000001,-1.6845,1.0,0.9999999999999999
7,4,3,7,0.9905,0.0093,0.0928,-1.453,-1.3602,0.9905,0.9993638747419135
7,4,3,9,0.89375,0.1038,0.08409999999999984,-1.9137,-1.8296000000000001,0.89375,0.9951924204420757
7,4,3,10,0.7572,0.24275,0.0039000000000000146,-1.7178,-1.7139,0.24275,0.9982635667714519
7,4,3,11,0.99265,0.0071,0.27559999999999985,-2.9684999999999997,-2.6929,0.99265,0.9992683038571669
7,4,3,12,0.9993,0.00065,0.16290000000000004,-1.4529,-1.29,0.9993,0.999918676440223
7,4,3,13,0.9979,0.00165,0.2012999999999998,-2.3772,-2.1759000000000004,0.9979,0.9996312279151943
7,4,3,15,0.99995,5e-05,0.10240000000000027,-2.2456,-2.1431999999999998,0.99995,0.9999877337905236
7,4,3,17,0.99985,0.00015,0.2721,-1.9179,-1.6458,0.99985,0.9999553887063977
7,4,3,18,0.99985,0.0001,0.3218000000000001,-2.4709000000000003,-2.1491000000000002,0.99985,0.9999781618033916
7,4,3,19,1.0,0.0,0.31149999999999967,-2.3348999999999998,-2.0234,1.0,1.0
7,4,3,20,0.9999,0.0001,0.19389999999999974,-2.4101,-2.2162,0.9999,0.9999919546906766
7,4,3,21,0.99965,0.00035,0.02180000000000004,-1.6177,-1.5958999999999999,0.99965,0.9999545651233231
7,4,3,22,0.78905,0.2029,0.06459999999999999,-1.1904,-1.1258,0.78905,0.9879470178091396
7,4,3,23,0.9484,0.0514,0.09980000000000011,-1.8513000000000002,-1.7515,0.9484,0.9971657916058986
7,4,3,24,0.922,0.07795,0.13649999999999984,-2.1632,-2.0267,0.922,0.9950624029215976
7,4,3,25,0.99985,0.0001,0.40679999999999983,-2.1146,-1.7078,0.99985,0.9999613402061855
7,4,3,26,0.9997,0.00015,0.19500000000000006,-1.4728999999999999,-1.2778999999999998,0.9997,0.999944748455428
7,4,3,27,0.99975,0.0002,0.14500000000000002,-2.638,-2.493,0.99975,0.9999760519332829
7,4,3,28,0.9652,0.02665,0.07769999999999988,-2.0591,-1.9814,0.9652,0.9981866980719734
7,4,3,29,0.8605,0.1395,0.05840000000000023,-2.0501,-1.9916999999999998,0.1395,0.9754874396370908
7,4,3,30,0.7502,0.24965,0.023599999999999843,-1.6945999999999999,-1.671,0.24965,0.989485999645934
7,4,3,31,0.75465,0.24485,0.0686,-1.6456,-1.577,0.75465,0.9895181696645601
7,4,3,32,0.9998,0.0001,0.5514999999999999,-1.8234,-1.2719,0.9998,0.9999272979050126
7,4,3,33,0.99995,5e-05,0.19220000000000015,-2.035,-1.8428,0.99995,0.9999952776412775
7,4,3,34,0.9674,0.03255,0.026699999999999946,-2.035,-2.0083,0.9674,0.9995544742014741
7,4,3,35,0.9971,0.0025,0.12619999999999987,-2.8592,-2.733,0.9971,0.9997588206491327
7,4,3,36,0.99945,0.00045,0.10519999999999996,-1.5023,-1.3971,0.99945,0.9999509618584835
7,4,3,37,0.99995,5e-05,0.27269999999999994,-1.8573,-1.5846,0.99995,0.9999926586981102
7,4,3,39,1.0,0.0,0.23320000000000007,-1.8538000000000001,-1.6206,1.0,0.9999999999999999
7,4,3,40,0.9999,5e-05,0.5264000000000002,-3.0981,-2.5717,0.9999,0.999975673800071
7,4,3,41,0.9985,0.00105,0.03410000000000002,-1.4043999999999999,-1.3702999999999999,0.9985,0.9999200655084023
7,4,3,42,0.99805,0.0019,0.5080000000000005,-2.5817,-2.0736999999999997,0.99805,0.9992527055815935
7,4,3,44,0.99995,5e-05,0.2098,-1.3882,-1.1784000000000001,0.99995,0.9999909811266389
7,4,3,46,0.99985,0.0001,0.1418999999999997,-1.4051999999999998,-1.2633,0.99985,0.9999786258183888
7,4,3,47,0.6439,0.35565,0.09870000000000001,-1.1051,-1.0064,0.6439,0.9681773323681114
7,4,3,48,0.9973,0.00205,0.2674000000000001,-1.9516,-1.6842,0.9973,0.9995337082393934
7,4,3,49,0.99985,0.00015,0.37060000000000004,-1.6061,-1.2355,0.99985,0.999965388207459
7,4,3,50,0.99985,0.0001,0.29389999999999983,-2.1919999999999997,-1.8981,0.99985,0.9999486701642335
7,4,3,51,0.99995,5e-05,0.17869999999999986,-1.5225,-1.3438,0.99995,0.9999941313628901
7,4,3,53,0.97595,0.0205,0.022700000000000164,-1.0072,-0.9844999999999999,0.97595,0.9992293238681492
7,4,3,54,1.0,0.0,0.1722999999999999,-1.916,-1.7437,1.0,1.0
7,4,3,55,0.8224,0.1776,0.06309999999999993,-1.3546999999999998,-1.2915999999999999,0.1776,0.9616937772200488
7,4,3,56,0.54255,0.45735,0.052000000000000046,-1.5746,-1.5226,0.54255,0.9848852915026038
7,4,3,58,0.9993,0.00035,0.6391,-2.6186000000000003,-1.9795000000000003,0.9993,0.9998033338425112
7,4,3,59,0.99295,0.0062,0.17389999999999994,-1.2727,-1.0988,0.99295,0.9990228058458396
7,4,3,60,0.9999,5e-05,0.15980000000000016,-1.8553000000000002,-1.6955,0.9999,0.9999767476957905
7,4,3,62,0.99995,5e-05,0.24029999999999974,-2.1898999999999997,-1.9496,0.99995,0.9999772569523724
7,4,3,63,0.99975,0.00015,0.09129999999999994,-1.5423,-1.451,0.99975,0.9999764799325682
7,4,3,64,0.99935,0.0006,0.04300000000000015,-2.3643,-2.3213,0.99935,0.9998603519011968
7,4,3,65,0.99975,0.00015,0.29559999999999986,-2.8832999999999998,-2.5877,0.99975,0.9999426265043525
7,4,3,66,0.9998,0.0002,0.2829999999999999,-1.9748999999999999,-1.6919,0.9998,0.9999681705402803
7,4,3,67,1.0,0.0,0.3397999999999999,-2.2472,-1.9074,1.0,1.0
7,4,3,68,0.94445,0.05505,0.06459999999999999,-2.2702,-2.2056,0.94445,0.998237703726544
7,4,3,69,0.99975,0.00025,0.3177000000000001,-1.7789000000000001,-1.4612,0.99975,0.9999135982910788
7,4,3,70,1.0,0.0,0.2663,-1.8474,-1.5811,1.0,1.0
7,4,3,72,1.0,0.0,0.4041000000000001,-2.4172000000000002,-2.0131,1.0,1.0
7,4,3,73,0.99995,5e-05,0.3794000000000004,-2.7972,-2.4177999999999997,0.99995,0.999991453953954
7,4,3,74,0.9543,0.0457,0.049200000000000355,-2.0569,-2.0077,0.9543,0.9989068792843601
7,4,3,75,0.9997,0.00015,0.25980000000000003,-2.2393,-1.9795,0.9997,0.9999268052516411
7,4,3,77,0.99885,0.00115,0.16179999999999994,-1.5438999999999998,-1.3820999999999999,0.99885,0.9998794805363042
7,4,3,78,0.9563,0.04345,0.1732999999999998,-1.9848,-1.8115,0.9563,0.9961756272672311
7,4,3,79,0.9514,0.0485,0.027800000000000047,-2.4154,-2.3876,0.9514,0.999409093731887
7,4,3,80,0.8715,0.12795,0.0803999999999998,-1.9230999999999998,-1.8427,0.8715,0.994376046487442
7,4,3,81,0.9997,0.00015,0.21870000000000012,-2.1195,-1.9007999999999998,0.9997,0.99992050955414
7,4,3,84,0.99995,5e-05,0.16010000000000013,-1.3854,-1.2252999999999998,0.99995,0.9999942218853761
7,4,3,85,0.99995,5e-05,0.36540000000000017,-2.5442,-2.1788,0.99995,0.9999906041191731
7,4,3,86,1.0,0.0,0.0625,-1.9758,-1.9133,1.0,1.0
7,4,3,87,1.0,0.0,0.24150000000000005,-1.485,-1.2435,1.0,1.0
7,4,3,88,0.9965,0.0035,0.20619999999999994,-2.1397,-1.9335,0.9965,0.9996627097256624
7,4,3,89,0.86295,0.13705,0.09989999999999988,-1.2927,-1.1928,0.86295,0.9894087607333489
7,4,3,90,1.0,0.0,0.14040000000000008,-1.1886,-1.0482,1.0,1.0
7,4,3,91,0.9999,0.0001,0.12250000000000005,-1.9265999999999999,-1.8040999999999998,0.9999,0.9999669521436727
7,4,3,92,0.9416,0.05835,0.02079999999999993,-2.1254,-2.1046,0.05835,0.990780406041216
7,4,3,93,0.99975,0.00025,0.20379999999999998,-1.596,-1.3922,0.99975,0.9999680764411026
7,4,3,96,0.99975,0.0002,0.32200000000000006,-1.9709,-1.6489,0.99975,0.9999588462123903
7,4,3,97,0.9622,0.0366,0.12090000000000001,-1.3555,-1.2346,0.9622,0.9965445481372187
7,4,3,98,0.9999,0.0001,0.31999999999999984,-2.5791,-2.2591,0.9999,0.9999875925710519
7,4,3,101,0.99985,0.0001,0.16730000000000023,-2.0391000000000004,-1.8718000000000001,0.99985,0.9999787504291111
7,4,3,103,0.99975,0.00025,0.1958000000000002,-1.8212000000000002,-1.6254,0.99975,0.9999724220294309
7,4,3,104,0.99995,5e-05,0.4205000000000001,-2.2404,-1.8199,0.99995,0.9999783230673094
7,4,3,105,0.99995,5e-05,0.2968000000000002,-1.9731,-1.6763,0.99995,0.9999776088388831
7,4,3,106,0.9571,0.04285,0.013100000000000112,-1.7989000000000002,-1.7858,0.04285,0.993011473678359
7,4,3,108,0.9995,0.00035,0.6151,-2.3115,-1.6964000000000001,0.9995,0.9998375254163963
7,4,3,109,0.9992,0.0006,0.19320000000000004,-1.9681,-1.7749,0.9992,0.9998703013058278
7,4,3,111,0.99885,0.0011,0.33279999999999976,-1.6602999999999999,-1.3275000000000001,0.99885,0.9997623290971513
7,4,3,112,0.99685,0.0031,0.0677000000000001,-1.8666,-1.7989,0.99685,0.9998687372763311
7,4,3,114,0.57705,0.42285,0.06619999999999981,-1.3352,-1.2690000000000001,0.57705,0.9790199146195326
7,4,3,116,0.99155,0.00825,0.01079999999999992,-1.5441999999999998,-1.5333999999999999,0.00825,0.9930600310840565
7,4,3,117,0.99965,0.00025,0.5311999999999997,-2.5443,-2.0131,0.99965,0.9998728785913611
7,4,3,118,0.99945,0.00035,0.21399999999999997,-3.261,-3.047,0.99945,0.9998690049064705
7,4,3,119,0.9991,0.00085,0.13110000000000022,-1.78,-1.6488999999999998,0.9991,0.9999214662921349
7,4,3,120,0.993,0.007,0.05920000000000014,-1.5659,-1.5067,0.993,0.9997353598569512
7,4,3,122,0.99905,0.00055,0.6993,-3.4946,-2.7953,0.99905,0.9997837248898301
7,4,3,123,0.9999,0.0001,0.43969999999999976,-1.9017999999999997,-1.4621,0.9999,0.999976879798086
7,4,3,124,0.99245,0.00755,0.12290000000000001,-1.8778000000000001,-1.7549000000000001,0.99245,0.9995058605815315
7,4,3,125,0.51915,0.48085,0.08630000000000004,-2.0,-1.9137,0.48085,0.9775986775000001
7,4,3,126,1.0,0.0,0.48260000000000014,-2.2,-1.7174,1.0,1.0
7,4,3,128,1.0,0.0,0.3602000000000003,-2.104,-1.7437999999999998,1.0,1.0
7,4,3,131,0.99995,5e-05,0.3753000000000002,-2.4369,-2.0616,0.99995,0.9999865423283679
7,4,3,132,1.0,0.0,0.09850000000000003,-1.3615,-1.263,1.0,1.0
7,4,3,133,0.9993,0.0007,0.16769999999999974,-2.1468,-1.9791,0.9993,0.9999453186137508
7,4,3,134,0.99975,0.0002,0.23570000000000002,-2.4235,-2.1878,0.99975,0.9999229440891272
7,4,3,135,0.99985,0.00015,0.18920000000000003,-1.8534,-1.6642,0.99985,0.9999846876011654
7,4,3,136,0.63955,0.3575,0.01539999999999997,-0.9348,-0.9194,0.63955,0.9936998716302953
7,4,3,137,1.0,0.0,0.39239999999999986,-2.6365,-2.2441,1.0,1.0
7,4,3,138,1.0,0.0,0.5017,-2.2396000000000003,-1.7379000000000002,1.0,1.0
7,4,3,141,0.8795,0.1205,0.08350000000000035,-1.7568000000000001,-1.6732999999999998,0.8795,0.9942726832877958
7,4,3,145,0.9996,0.00025,0.09650000000000003,-1.1369,-1.0404,0.9996,0.9999595171079252
7,4,3,147,0.99935,0.0005,0.10610000000000008,-1.7563,-1.6502,0.99935,0.9998791692763196
7,4,3,148,0.99975,0.0002,0.7130000000000001,-3.3166,-2.6036,0.99975,0.9999458843393836
7,4,3,149,1.0,0.0,0.28080000000000016,-1.8784,-1.5976,1.0,1.0
7,4,3,150,0.6232,0.3767,0.07820000000000027,-1.8873000000000002,-1.8091,0.3767,0.9741400969639167
7,4,3,151,0.9659,0.03355,0.030699999999999505,-2.3106999999999998,-2.2800000000000002,0.03355,0.9869363504565718
7,4,3,152,0.80475,0.19525,0.06030000000000002,-1.5206,-1.4603,0.19525,0.9680873175062475
7,4,3,153,0.97445,0.02545,0.027100000000000346,-2.2282,-2.2011,0.02545,0.9881083722287047
7,4,3,154,0.99935,0.00065,0.16820000000000013,-1.1899000000000002,-1.0217,0.99935,0.9999081183292713
7,4,3,155,0.9999,0.0001,0.47129999999999983,-2.666,-2.1947,0.9999,0.9999750862715678
7,4,3,156,1.0,0.0,0.13119999999999998,-1.1371,-1.0059,1.0,1.0
7,4,3,157,0.99995,5e-05,0.3810000000000002,-2.2189,-1.8378999999999999,0.99995,0.9999897764658164
7,4,3,158,1.0,0.0,0.13549999999999995,-1.8238,-1.6883000000000001,1.0,1.0
7,4,3,159,0.99895,0.00095,0.08529999999999993,-1.5026,-1.4173,0.99895,0.999934649940104
7,4,3,160,0.9999,0.0001,0.16090000000000004,-1.9089,-1.748,0.9999,0.9999644664466446
7,4,3,161,0.9998,0.00015,0.09650000000000003,-1.4431,-1.3466,0.9998,0.9999863488323748
7,4,3,162,1.0,0.0,0.4203000000000001,-2.0542000000000002,-1.6339000000000001,1.0,1.0
7,4,3,163,0.64015,0.3598,0.009599999999999831,-1.8064999999999998,-1.7969,0.64015,0.9980754912814837
7,4,3,165,0.98015,0.01975,0.057700000000000085,-2.4089,-2.3512,0.98015,0.9994936921416414
7,4,3,166,0.96255,0.03615,0.10720000000000018,-1.4508,-1.3436,0.96255,0.9972035084091534
7,4,3,167,0.99985,0.00015,0.08909999999999973,-2.5008,-2.4117,0.99985,0.9999781909788866
7,4,3,168,0.99985,0.0001,0.1262000000000003,-2.1316,-2.0054,0.99985,0.9999415087258398
7,4,3,169,0.9988,0.0012,0.1772999999999998,-1.6347999999999998,-1.4575,0.9988,0.9998698556398337
7,4,3,170,0.9988,0.0011,0.46909999999999985,-2.0763,-1.6072,0.9988,0.9997185570485961
7,4,3,171,0.98005,0.0199,0.1100000000000001,-1.7964,-1.6864,0.98005,0.9987667557336897
7,4,3,172,1.0,0.0,0.2547999999999999,-1.6696,-1.4148,1.0,1.0
7,4,3,173,0.9929,0.0071,0.15359999999999996,-2.4952,-2.3416,0.9929,0.9995629368387304
7,4,3,174,0.9997,0.00015,0.6301999999999994,-3.3210999999999995,-2.6909,0.9997,0.9999231384179941
7,4,3,175,0.98845,0.0114,0.6087000000000002,-2.2419000000000002,-1.6332,0.98845,0.9968596525268745
7,4,3,176,0.99975,0.00025,0.2373000000000003,-2.3294,-2.0921,0.99975,0.9999745320683437
7,4,3,177,0.9999,0.0001,0.42680000000000007,-2.251,-1.8241999999999998,0.9999,0.9999754109284761
7,4,3,179,0.9999,5e-05,0.26529999999999987,-2.5888999999999998,-2.3236,0.9999,0.9999761539650044
7,4,3,180,1.0,0.0,0.22429999999999994,-2.3333,-2.109,1.0,1.0
7,4,3,183,1.0,0.0,0.14470000000000005,-0.8963,-0.7515999999999999,1.0,1.0
7,4,3,184,0.99545,0.0021,0.08030000000000004,-1.1196,-1.0393,0.99545,0.9996442747409787
7,4,3,185,0.9999,0.0001,0.16419999999999968,-1.9449999999999998,-1.7808000000000002,0.9999,0.9999913367609253
7,4,3,186,0.96875,0.03125,0.0230999999999999,-1.9702,-1.9471,0.96875,0.9996336031874936
7,4,3,189,0.9922,0.00485,0.0824999999999998,-1.6013,-1.5188000000000001,0.9922,0.9994275151439455
7,4,3,190,1.0,0.0,0.33309999999999995,-2.2356,-1.9024999999999999,1.0,1.0
7,4,3,191,0.95735,0.0321,0.1278999999999999,-1.979,-1.8511000000000002,0.95735,0.9969696235472459
7,4,3,192,1.0,0.0,0.17999999999999994,-1.9376,-1.7576,1.0,1.0
7,4,3,193,0.9998,0.00015,0.09750000000000014,-1.7908000000000002,-1.6933,0.9998,0.9999723810587446
7,4,3,194,0.99995,5e-05,0.12930000000000064,-2.3120000000000003,-2.1826999999999996,0.99995,0.9999972037197231
7,4,3,195,0.50535,0.4588,0.09010000000000007,-1.2329,-1.1428,0.50535,0.9623816814015734
7,4,3,196,1.0,0.0,0.2529000000000001,-2.0634,-1.8105,1.0,1.0
7,4,3,197,0.80915,0.19085,0.015099999999999891,-1.4705,-1.4554,0.19085,0.9916911492689562
7,4,3,198,1.0,0.0,0.5044,-1.5635,-1.0591,1.0,1.0
7,4,3,199,0.9664,0.0336,0.05010000000000003,-1.5126,-1.4625,0.9664,0.9988871082903609
7,4,3,200,0.998,0.0011,0.9097,-3.8007999999999997,-2.8911,0.998,0.9994969743211957
7,4,3,202,1.0,0.0,0.4388000000000001,-2.2398000000000002,-1.8010000000000002,1.0,1.0
7,4,3,204,0.99985,0.00015,0.1584000000000001,-1.5493000000000001,-1.3909,0.99985,0.9999846640418254
7,4,3,205,0.6609,0.2422,0.02210000000000001,-2.2323,-2.2102,0.6609,0.9938787707745375
7,4,3,206,0.99585,0.00245,0.46709999999999985,-2.1033,-1.6362,0.99585,0.9988204749679075
7,4,3,208,0.68065,0.3191,0.05580000000000007,-1.8927,-1.8369,0.68065,0.9887237966925556
7,4,3,209,0.6145,0.3855,0.01200000000000001,-1.3676000000000001,-1.3556000000000001,0.3855,0.9946080725358292
7,4,3,210,0.99995,5e-05,0.23330000000000006,-1.6385,-1.4052,0.99995,0.999992880683552
7,4,3,211,0.7324,0.26715,0.008299999999999974,-1.8680999999999999,-1.8598,0.26715,0.9967092741287941
7,4,3,213,0.9848,0.0138,0.030299999999999994,-1.952,-1.9217,0.9848,0.9995311808401639
7,4,3,214,0.99705,0.0025,0.14320000000000022,-1.5495,-1.4062999999999999,0.99705,0.9996747725072604
7,4,3,215,0.99815,0.0016,0.8034000000000003,-2.7129000000000003,-1.9095,0.99815,0.9994381326256037
7,4,3,216,0.99975,0.00025,0.3134000000000001,-2.1485000000000003,-1.8351000000000002,0.99975,0.9999635326972307
7,4,3,218,0.9992,0.0006,0.15079999999999982,-1.6058,-1.455,0.9992,0.9999076846431686
7,4,3,219,0.99965,0.00025,0.22999999999999998,-1.8616,-1.6316,0.99965,0.9998836216158142
7,4,3,221,0.96925,0.03055,0.014499999999999957,-1.1487,-1.1342,0.96925,0.9995901323234962
7,4,3,222,0.9998,0.0002,0.17989999999999995,-1.8058,-1.6259000000000001,0.9998,0.9999708051832983
7,4,3,223,1.0,0.0,0.08410000000000029,-2.5335,-2.4494,1.0,1.0
7,4,3,224,0.99995,5e-05,0.5394999999999999,-2.8093,-2.2698,0.99995,0.9999823212188089
7,4,3,225,0.99955,0.00045,0.2567999999999997,-1.7313999999999998,-1.4746000000000001,0.99955,0.9999332563243618
7,4,3,226,0.82235,0.1776,0.04039999999999999,-1.2111,-1.1707,0.82235,0.9940666666666665
7,4,3,228,0.6034,0.3875,0.03259999999999996,-1.6299,-1.5973,0.3875,0.9871334253635191
7,4,3,229,0.99995,5e-05,0.2547999999999999,-2.1461,-1.8913000000000002,0.99995,0.9999940636503426
7,4,3,230,0.6597,0.3401,0.006800000000000139,-2.4859999999999998,-2.4791999999999996,0.6597,0.9990142578439261
7,4,3,231,0.8092,0.1906,0.060499999999999776,-2.1673,-2.1068000000000002,0.1906,0.9773356365062522
7,4,3,232,1.0,0.0,0.21699999999999986,-1.825,-1.608,1.0,1.0
7,4,3,233,0.99825,0.00155,0.5049000000000001,-2.7838,-2.2788999999999997,0.99825,0.9995315521948415
7,4,3,234,0.51065,0.48935,0.041999999999999815,-1.8279999999999998,-1.786,0.48935,0.9882673413566742
7,4,3,235,0.85715,0.14285,0.058399999999999785,-2.2479,-2.1895000000000002,0.14285,0.9777314115396595
7,4,3,236,0.99985,5e-05,0.07739999999999991,-1.9376,-1.8602,0.99985,0.9999665462427746
7,4,3,237,0.85045,0.14875,0.008399999999999963,-1.7505000000000002,-1.7421000000000002,0.14875,0.9737651042559271
7,4,3,238,1.0,0.0,0.1745000000000001,-2.2896,-2.1151,1.0,1.0
7,4,3,239,0.99995,5e-05,0.34020000000000006,-1.8717,-1.5314999999999999,0.99995,0.9999893171982689
7,4,3,240,0.999,0.00055,0.21289999999999987,-3.2276,-3.0147,0.999,0.9997578479365474
7,4,3,241,1.0,0.0,0.13779999999999992,-1.7799,-1.6421000000000001,1.0,1.0
7,4,3,242,1.0,0.0,0.6641999999999999,-1.787,-1.1228,1.0,1.0
7,4,3,243,0.99995,5e-05,0.4150999999999998,-2.1386,-1.7235,0.99995,0.9999901103525672
7,4,3,244,0.7883,0.2115,0.09489999999999976,-1.6994999999999998,-1.6046,0.7883,0.986100394233598
7,4,3,245,0.9939,0.0059,0.03270000000000017,-2.1822,-2.1494999999999997,0.9939,0.9998409724131613
7,4,3,247,1.0,0.0,0.3416000000000001,-2.0844,-1.7428,1.0,1.0
7,4,3,248,0.4505,0.24525,0.008200000000000207,-1.0954000000000002,-1.0872,0.0515,0.9617660443673544
7,4,3,249,0.9296,0.0704,0.03420000000000001,-1.8061,-1.7719,0.9296,0.9986669176679033
7,4,3,250,0.99965,0.00035,0.13680000000000003,-1.4642,-1.3274,0.99965,0.9999400491736102
7,4,3,252,0.99935,0.0006,0.28370000000000006,-2.6095,-2.3258,0.99935,0.999790277831002
7,4,3,253,0.9997,0.0002,0.133,-2.1109,-1.9779,0.9997,0.9999056705670569
7,4,3,254,0.9998,0.00015,0.21039999999999992,-2.417,-2.2066,0.9998,0.9999382023169217
7,4,3,255,0.7938,0.19425,0.03320000000000012,-1.4789,-1.4457,0.7938,0.9874397457569816
7,4,3,256,0.99935,0.0006,0.09649999999999981,-1.634,-1.5375,0.99935,0.9999590146878825
7,4,3,257,0.9979,0.00205,0.02200000000000024,-1.5068000000000001,-1.4848,0.9979,0.9998417241837005
7,4,3,258,0.99995,5e-05,0.24239999999999995,-1.5518,-1.3094000000000001,0.99995,0.9999916774068824
7,4,3,259,0.99995,5e-05,0.20730000000000004,-1.9211,-1.7138,0.99995,0.9999695669147883
7,4,3,260,0.88425,0.10335,0.08769999999999989,-1.7332999999999998,-1.6456,0.88425,0.9925767293601799
7,4,3,261,0.9978,0.00215,0.42700000000000005,-1.7202000000000002,-1.2932000000000001,0.9978,0.999453447273573
7,4,3,262,0.9949,0.0034,0.353,-1.784,-1.431,0.9949,0.9989650924887893
7,4,3,263,0.9991,0.00055,0.1021999999999994,-2.6997999999999998,-2.5976000000000004,0.9991,0.9998644103266909
7,4,3,264,0.9988,0.0006,0.16910000000000025,-1.5173,-1.3481999999999998,0.9988,0.9998028834113226
7,4,3,265,0.78,0.22,0.008599999999999497,-2.0263999999999998,-2.0178000000000003,0.78,0.9990663245163839
7,4,3,266,0.9982,0.00165,0.12070000000000003,-1.5907,-1.47,0.9982,0.9998435248632677
7,4,3,267,0.99985,0.00015,0.30100000000000016,-2.0281000000000002,-1.7271,0.99985,0.9999592845520437
7,4,3,268,0.99955,0.00045,0.18679999999999986,-1.7149999999999999,-1.5282,0.99955,0.9999509854227404
7,4,3,269,0.99985,0.0001,0.04459999999999997,-1.5888,-1.5442,0.99985,0.9999791540785498
7,4,3,270,0.9919,0.0081,0.10470000000000002,-1.7842,-1.6795,0.9919,0.9995246777267123
7,4,3,273,0.8767,0.12325,0.04180000000000006,-1.4591,-1.4173,0.8767,0.9964506133918167
7,4,3,274,0.3575,0.35365,0.0020999999999997687,-1.3840999999999999,-1.3820000000000001,0.3575,0.988020695758977
7,4,3,277,1.0,0.0,0.1347999999999998,-1.658,-1.5232,1.0,1.0
7,4,3,278,0.9989,0.0007,0.036900000000000155,-1.8961999999999999,-1.8592999999999997,0.9989,0.9998962293007067
7,4,3,280,0.9766,0.0231,0.1271,-1.4566,-1.3295,0.9766,0.9979203075655635
7,4,3,281,0.99685,0.003,0.017699999999999605,-2.0536,-2.0359000000000003,0.003,0.991393971562135
7,4,3,282,1.0,0.0,0.23229999999999995,-1.7463,-1.514,1.0,1.0
7,4,3,283,1.0,0.0,0.09360000000000013,-1.9102000000000001,-1.8166,1.0,0.9999999999999999
7,4,3,284,0.99965,0.0002,0.19740000000000002,-1.7520000000000002,-1.5546000000000002,0.99965,0.9999580393835615
7,4,3,285,0.99985,0.00015,0.10650000000000004,-2.2896,-2.1831,0.99985,0.999945034067086
7,4,3,286,0.561,0.38145,0.05719999999999992,-1.8617,-1.8045,0.561,0.984532362894129
7,4,3,287,0.7958,0.1124,0.01639999999999997,-1.5886,-1.5722,0.1124,0.984712929623568
7,4,3,288,1.0,0.0,0.1564000000000001,-2.3317,-2.1753,1.0,1.0
7,4,3,289,0.96565,0.0333,0.12290000000000001,-1.8829,-1.76,0.96565,0.9973170242710713
7,4,3,290,0.96795,0.03195,0.10580000000000012,-1.6634,-1.5575999999999999,0.96795,0.9979526391727787
7,4,3,292,0.9998,0.00015,0.4020999999999999,-1.8218,-1.4197000000000002,0.9998,0.9999539768360961
7,4,3,293,0.9996,0.00025,0.4554,-2.2292,-1.7738,0.9996,0.9998956239906693
7,4,3,295,0.99995,5e-05,0.28500000000000014,-2.8724,-2.5873999999999997,0.99995,0.9999860830664253
7,4,3,297,0.56275,0.4349,0.0708000000000002,-1.2755,-1.2046999999999999,0.56275,0.9753867267738141
7,4,3,299,0.93555,0.06445,0.08460000000000001,-1.0289,-0.9442999999999999,0.93555,0.9947006803382252
7,4,3,300,0.99565,0.00435,0.010999999999999677,-2.2803999999999998,-2.2694,0.00435,0.995197268023154
7,4,3,301,0.97045,0.02955,0.2881,-1.8127,-1.5246,0.97045,0.9953034947867823
7,4,3,302,0.9941,0.0059,0.10339999999999994,-1.333,-1.2296,0.9941,0.9995423405851462
7,4,3,303,0.99295,0.00705,0.0677000000000001,-1.2088,-1.1411,0.99295,0.9996051580079418
7,4,3,304,0.43265,0.21205,0.014100000000000001,-1.6733,-1.6592,0.19715,0.9790502480129086
7,4,3,305,0.61695,0.38305,0.0036999999999998145,-1.8291,-1.8254000000000001,0.38305,0.9987520009840906
7,4,3,306,0.91295,0.08705,0.020299999999999985,-1.7382,-1.7179,0.91295,0.9989833649752616
7,4,3,307,0.9678,0.0322,0.034700000000000175,-1.7276,-1.6928999999999998,0.9678,0.999353241491086
7,4,3,308,1.0,0.0,0.15519999999999978,-2.1826,-2.0274,1.0,1.0
7,4,3,309,0.79615,0.10545,0.03400000000000003,-1.0117,-0.9777,0.0984,0.947193545517446
7,4,3,310,0.94215,0.05595,0.11189999999999989,-1.5891,-1.4772,0.94215,0.9958065508778554
7,4,3,311,0.9871,0.0128,0.05190000000000006,-1.7996,-1.7477,0.9871,0.9996016198044009
7,4,3,316,0.99995,5e-05,0.2477999999999998,-2.2474,-1.9996,0.99995,0.9999799212423244
7,4,3,317,0.9999,5e-05,0.2874000000000003,-2.0765000000000002,-1.7891,0.9999,0.999976749337828
7,4,3,321,0.99935,0.00045,0.47850000000000037,-2.6771000000000003,-2.1986,0.99935,0.9998119625714391
7,4,3,322,0.9996,0.00035,0.6869000000000001,-2.5581,-1.8712,0.9996,0.9998713166021657
7,4,3,323,0.9843,0.0111,0.12209999999999988,-1.4665,-1.3444,0.9843,0.9985567200818276
7,4,3,324,0.99995,5e-05,0.13569999999999993,-1.8973999999999998,-1.7616999999999998,0.99995,0.9999964240539688
7,4,3,325,0.8598,0.1402,0.03159999999999985,-1.1419,-1.1103,0.1402,0.9762066030300378
7,4,3,326,0.63895,0.36095,0.016000000000000014,-1.8843,-1.8683,0.36095,0.9945456694793825
7,4,3,327,0.9999,0.0001,0.27170000000000005,-1.3817,-1.1099999999999999,0.9999,0.9999803358181951
7,4,3,328,0.97445,0.02555,0.1269,-1.6600000000000001,-1.5331000000000001,0.97445,0.9980468102409638
7,4,3,330,0.68955,0.3104,0.009099999999999886,-1.2402,-1.2311,0.3104,0.9949270198355104
7,4,3,332,0.9995,0.0005,0.3487,-2.0879,-1.7391999999999999,0.9995,0.9999164950428661
7,4,3,333,0.9988,0.00065,0.1140000000000001,-1.3199,-1.2059,0.9988,0.9998606182286538
7,4,3,335,0.9999,0.0001,0.1963999999999999,-1.7246,-1.5282,0.9999,0.9999886060535776
7,4,3,336,0.9999,0.0001,0.4269000000000003,-2.9178,-2.4909,0.9999,0.9999694084584275
7,4,3,338,0.8606,0.1394,0.021500000000000075,-1.6073,-1.5857999999999999,0.8606,0.9981353201020344
7,4,3,339,0.5558,0.42855,0.23770000000000002,-1.2353,-0.9976,0.5558,0.9131697077632964
7,4,3,340,0.98575,0.01425,0.0947,-1.4292,-1.3345,0.98575,0.9990557829554996
7,4,3,341,0.9999,0.0001,0.4229999999999996,-2.0313999999999997,-1.6084,0.9999,0.9999791769223195
7,4,3,342,0.99955,0.0003,0.09509999999999996,-1.9612,-1.8661,0.99955,0.9998967468896593
7,4,3,343,0.5195,0.3164,0.025999999999999912,-0.9316,-0.9056000000000001,0.3164,0.9477481054100472
7,4,3,346,0.6352,0.3587,0.027900000000000036,-1.0767,-1.0488,0.3587,0.9554776353673262
7,4,3,349,0.99915,0.00085,0.14209999999999967,-2.3343,-2.1922,0.99915,0.9997623655913979
7,4,3,350,0.99975,0.00025,0.08260000000000023,-2.1947,-2.1121,0.99975,0.9999905909691529
7,4,3,351,0.4282,0.2655,0.04370000000000007,-0.9111,-0.8674,0.4282,0.9626318077049717
7,4,3,352,0.603,0.397,0.004899999999999904,-1.4783,-1.4734,0.603,0.998684096597443
7,4,3,353,0.97125,0.0154,0.1403000000000001,-1.1867,-1.0464,0.97125,0.9964162256678183
7,4,3,354,0.94755,0.0521,0.0504,-1.8276000000000001,-1.7772000000000001,0.94755,0.9985277440358941
7,4,3,355,0.99995,5e-05,0.29699999999999993,-1.8128,-1.5158,0.99995,0.9999752951235658
7,4,3,356,1.0,0.0,0.38570000000000015,-1.6703000000000001,-1.2846,1.0,0.9999999999999999
7,4,3,358,0.58895,0.39725,0.042100000000000026,-1.3192,-1.2771,0.39725,0.9796803820497272
7,4,3,359,0.9998,0.0001,0.5787,-2.1587,-1.58,0.9998,0.9999450317320612
7,4,3,363,0.9634,0.0366,0.011500000000000066,-1.4410000000000003,-1.4295000000000002,0.9634,0.9997079111727967
7,4,3,364,0.99985,0.00015,0.30630000000000024,-1.9208,-1.6144999999999998,0.99985,0.9999760802790505
7,4,3,365,0.82385,0.17615,0.02059999999999995,-2.0628,-2.0422000000000002,0.82385,0.9982408910219118
7,4,3,366,0.63025,0.3696,0.04179999999999984,-1.601,-1.5592000000000001,0.3696,0.9835068613366645
7,4,3,367,1.0,0.0,0.24290000000000012,-1.5928,-1.3498999999999999,1.0,1.0
7,4,3,369,0.6755,0.3149,0.015700000000000047,-1.0488,-1.0331,0.6755,0.98185881006865
7,4,3,370,0.98985,0.00785,0.38690000000000024,-2.4583,-2.0713999999999997,0.98985,0.9983727026807143
7,4,3,371,1.0,0.0,0.2558,-1.8389,-1.5831,1.0,1.0
7,4,3,372,0.9989,0.00105,0.4096000000000002,-2.1471,-1.7374999999999998,0.9989,0.9997875855805506
7,4,3,373,0.9996,0.0004,0.19719999999999982,-1.6885999999999999,-1.4914,0.9996,0.9999532867464171
7,4,3,374,0.7774,0.2225,0.06370000000000031,-1.4022000000000001,-1.3384999999999998,0.2225,0.9646663742690057
7,4,3,375,0.99985,0.0001,0.039699999999999847,-2.0412,-2.0015,0.99985,0.9999861013129532
7,4,3,376,1.0,0.0,0.5408000000000004,-3.0134000000000003,-2.4726,1.0,1.0
7,4,3,377,1.0,0.0,0.4273999999999999,-1.3598,-0.9324,1.0,1.0
7,4,3,378,1.0,0.0,0.1748999999999996,-2.2729999999999997,-2.0981,1.0,1.0
7,4,3,380,1.0,0.0,0.24660000000000037,-2.9979,-2.7512999999999996,1.0,1.0
7,4,3,382,0.9999,5e-05,0.08210000000000006,-2.1407,-2.0585999999999998,0.9999,0.999972352501518
7,4,3,383,0.99985,0.0001,0.1907000000000001,-2.2361999999999997,-2.0454999999999997,0.99985,0.9999813455862624
7,4,3,384,0.72795,0.27205,0.04679999999999995,-1.6367999999999998,-1.5899999999999999,0.27205,0.9791861803519061
7,4,3,385,0.93105,0.0688,0.006299999999999972,-2.1713,-2.165,0.93105,0.9997710933542118
7,4,3,387,0.99995,5e-05,0.5017999999999998,-2.3722,-1.8704,0.99995,0.9999894233201246
7,4,3,388,0.5085,0.4904,0.06520000000000015,-1.1428,-1.0776,0.5085,0.9718139656982849
7,4,3,390,0.9999,0.0001,0.3444999999999996,-2.6674999999999995,-2.323,0.9999,0.9999636701030928
7,4,3,391,0.99975,0.00025,0.2008000000000001,-2.0318,-1.831,0.99975,0.9999752928437838
7,4,3,392,0.6592,0.19375,0.03369999999999995,-1.0144,-0.9807,0.6592,0.9824156940063091
7,4,3,393,0.94065,0.04605,0.16080000000000005,-1.1567,-0.9959,0.94065,0.9913545301288149
7,4,3,394,0.99935,0.0004,0.5514000000000001,-2.2325,-1.6810999999999998,0.99935,0.9998323807390818
7,4,3,395,1.0,0.0,0.0827,-1.1313,-1.0486,1.0,1.0
7,4,3,396,0.99985,5e-05,0.040100000000000025,-1.5217,-1.4816,0.99985,0.999983860156404
7,4,3,397,0.51835,0.48165,0.021300000000000097,-1.2395,-1.2182,0.51835,0.9917231585316659
7,4,3,399,0.88465,0.11465,0.0403,-1.8788,-1.8385,0.88465,0.997461544602938
7,4,3,400,0.99995,5e-05,0.029099999999999904,-1.8387,-1.8096,0.99995,0.9999693315929732
7,4,3,402,0.99995,5e-05,0.2552000000000003,-1.6861000000000002,-1.4308999999999998,0.99995,0.999986646699484
7,4,3,403,1.0,0.0,0.18900000000000006,-1.3068,-1.1178,1.0,1.0
7,4,3,404,0.6955,0.24065,0.00990000000000002,-1.9556,-1.9457,0.06385,0.9873359863980364
7,4,3,405,0.96565,0.03405,0.008799999999999919,-1.6812,-1.6724,0.03405,0.9949168659290986
7,4,3,407,0.9999,5e-05,0.14790000000000014,-2.1112,-1.9633,0.9999,0.999983973569534
7,4,3,409,0.99995,5e-05,0.399,-1.5812,-1.1822,0.99995,0.9999819472552492
7,4,3,410,0.46015,0.39615,0.04200000000000026,-1.3595000000000002,-1.3175,0.39615,0.9759982162559765
7,4,3,411,0.9997,0.00015,0.581,-2.4913,-1.9102999999999999,0.9997,0.9999189981134349
7,4,3,412,1.0,0.0,0.17310000000000003,-1.7357,-1.5626,1.0,1.0
7,4,3,413,0.99845,0.001,0.06349999999999989,-1.9561,-1.8926,0.99845,0.9998451842952816
7,4,3,414,1.0,0.0,0.2784,-1.8932,-1.6148,1.0,1.0
7,4,3,415,0.99445,0.0053,0.38560000000000016,-2.4062,-2.0206,0.99445,0.9990530068157261
7,4,3,416,0.64545,0.3545,0.02289999999999992,-1.8089,-1.786,0.64545,0.9954930178561556
7,4,3,417,0.99855,0.0007,0.5962999999999998,-3.3064999999999998,-2.7102,0.99855,0.9996068471193105
7,4,3,419,0.99995,5e-05,0.13160000000000016,-2.0413,-1.9097,0.99995,0.9999960882770784
7,4,3,421,1.0,0.0,0.26059999999999994,-1.8733,-1.6127,1.0,1.0
7,4,3,422,0.9992,0.0005,0.2504000000000002,-1.5296,-1.2792,0.9992,0.9998526019874477
7,4,3,424,0.9134,0.08615,0.13070000000000004,-2.6344000000000003,-2.5037000000000003,0.9134,0.995633461129669
7,4,3,425,0.99835,0.00085,0.34079999999999977,-2.2897,-1.9489,0.99835,0.999510887889243
7,4,3,426,1.0,0.0,0.31190000000000007,-2.2965,-1.9846,1.0,1.0
7,4,3,428,0.99985,0.0001,0.3206,-2.2706,-1.95,0.99985,0.9999492468950937
7,4,3,429,0.99985,0.0001,0.5893999999999999,-2.2172,-1.6278000000000001,0.99985,0.9999426799567022
7,4,3,430,0.9976,0.0024,0.13200000000000012,-1.6589,-1.5269,0.9976,0.9998090300801735
7,4,3,431,0.65445,0.3437,0.010700000000000376,-2.3892,-2.3785,0.65445,0.9983556106646575
7,4,3,432,0.8282,0.1718,0.05710000000000015,-1.3896000000000002,-1.3325,0.1718,0.9659684657455381
7,4,3,433,1.0,0.0,0.23929999999999985,-1.8368,-1.5975000000000001,1.0,1.0
7,4,3,434,0.9123,0.08755,0.05170000000000008,-2.0061,-1.9544,0.9123,0.9976813992323416
7,4,3,435,0.99995,5e-05,0.09040000000000026,-2.5155000000000003,-2.4251,0.99995,0.9999982031405287
7,4,3,436,0.99825,0.00175,0.10929999999999995,-0.8885,-0.7792,0.99825,0.9997433595948227
7,4,3,437,0.585,0.415,0.04200000000000004,-1.5292000000000001,-1.4872,0.415,0.9839327753073502
7,4,3,438,1.0,0.0,0.1647000000000003,-2.0026,-1.8378999999999999,1.0,1.0
7,4,3,439,1.0,0.0,0.05250000000000021,-1.4988000000000001,-1.4463,1.0,1.0
7,4,3,440,0.99955,0.00035,0.2699999999999996,-2.4692,-2.1992000000000003,0.99955,0.9999320954155191
7,4,3,441,0.9996,0.0004,0.23150000000000004,-1.8799,-1.6483999999999999,0.9996,0.999950742060748
7,4,3,442,0.7965,0.19195,0.040000000000000036,-1.5589,-1.5189,0.19195,0.9769187087048559
7,4,3,444,1.0,0.0,0.3164,-1.9053,-1.5889,1.0,1.0
7,4,3,446,0.9996,0.0004,0.05859999999999976,-1.9268999999999998,-1.8683,0.9996,0.9999878353832582
7,4,3,447,0.99345,0.0065,0.05820000000000003,-1.3157,-1.2575,0.99345,0.9997054115679865
7,4,3,448,1.0,0.0,0.21619999999999995,-1.9593,-1.7431,1.0,1.0
7,4,3,449,0.9968,0.0029,0.15649999999999986,-2.1206,-1.9641000000000002,0.9968,0.9996619400169765
7,4,3,450,0.5112,0.48825,0.043299999999999894,-1.5833,-1.54,0.48825,0.9859862786584982
7,4,3,451,1.0,0.0,0.41949999999999976,-2.6115,-2.192,1.0,1.0
7,4,3,452,1.0,0.0,0.24730000000000008,-1.314,-1.0667,1.0,1.0
7,4,3,455,0.36865,0.23185,0.017800000000000038,-0.9592,-0.9414,0.23185,0.9636945527522937
7,4,3,456,0.80185,0.19815,0.09189999999999998,-0.9565,-0.8646,0.80185,0.9809618557239936
7,4,3,457,0.99975,0.00015,0.1553,-2.2824,-2.1271,0.99975,0.9999631791097089
7,4,3,458,0.99955,0.00025,0.08790000000000031,-2.5494000000000003,-2.4615,0.99955,0.9999836059464972
7,4,3,459,0.9976,0.0022,0.10110000000000019,-2.5308,-2.4297,0.9976,0.9998556306306304
7,4,3,460,0.9997,0.00025,0.6170999999999998,-2.8987,-2.2816,0.9997,0.9999351795632525
7,4,3,461,1.0,0.0,0.10280000000000022,-1.8471000000000002,-1.7443,1.0,1.0000000000000002
7,4,3,465,0.9994,0.00055,0.3250000000000002,-2.0231000000000003,-1.6981000000000002,0.9994,0.9997334387820672
7,4,3,466,0.9992,0.00075,0.008099999999999774,-2.4333,-2.4252000000000002,0.9992,0.9999795442403319
7,4,3,467,1.0,0.0,0.3938999999999999,-2.0808999999999997,-1.6869999999999998,1.0,1.0
7,4,3,468,0.99955,0.00045,0.4405999999999999,-2.6608,-2.2202,0.99955,0.9998530667468429
7,4,3,469,0.6101,0.38985,0.05790000000000006,-2.1289,-2.0709999999999997,0.38985,0.9833990863826388
7,4,3,470,0.86495,0.13495,0.06099999999999994,-1.4398,-1.3788,0.86495,0.9942759619391582
7,4,3,471,0.7438,0.2562,0.0674999999999999,-2.4454,-2.3779,0.2562,0.9794690030260899
7,4,3,472,0.98685,0.01,0.02279999999999971,-2.5326,-2.5098000000000003,0.01,0.9910422707889126
7,4,3,473,0.694,0.3055,0.03190000000000004,-1.2972,-1.2652999999999999,0.694,0.9909442260252851
7,4,3,475,0.99895,0.00105,0.3855999999999997,-2.3015,-1.9159000000000002,0.99895,0.9997209732782968
7,4,3,476,0.63405,0.17525,0.012199999999999989,-2.2350999999999996,-2.2228999999999997,0.1143,0.9845279338732046
7,4,3,477,0.99995,5e-05,0.15399999999999991,-1.5152999999999999,-1.3613,0.99995,0.9999939087969378
7,4,3,479,1.0,0.0,0.2772999999999999,-1.5865,-1.3092000000000001,1.0,1.0
7,4,3,481,0.5493,0.4498,0.08250000000000002,-1.9649,-1.8824,0.4498,0.976855753473459
7,4,3,482,0.99995,5e-05,0.5189999999999997,-2.6300999999999997,-2.1111,0.99995,0.999988236188738
7,4,3,483,0.58215,0.3455,0.008199999999999985,-1.3783,-1.3701,0.02315,0.972290615250671
7,4,3,484,0.99105,0.00895,0.1593,-1.9151,-1.7558,0.99105,0.9992555297373505
7,4,3,485,0.95215,0.04785,0.25059999999999993,-2.2971,-2.0465,0.95215,0.9947798485046362
7,4,3,486,0.9546,0.0454,0.052200000000000024,-1.3771,-1.3249,0.9546,0.9982790792244571
7,4,3,487,0.999,0.00095,0.27,-1.8128,-1.5428,0.999,0.9998433031774051
7,4,3,488,0.99285,0.00705,0.19549999999999956,-2.1132999999999997,-1.9178000000000002,0.99285,0.9993362206028487
7,4,3,489,1.0,0.0,0.3780999999999999,-2.1967,-1.8186,1.0,1.0
7,4,3,490,0.9999,5e-05,0.6301999999999999,-3.0932,-2.463,0.9999,0.9999778384844176
7,4,3,491,0.9401,0.05285,0.07220000000000004,-0.914,-0.8418,0.9401,0.9945277078774618
7,4,3,493,1.0,0.0,0.6028999999999998,-1.6056,-1.0027000000000001,1.0,1.0
7,4,3,494,1.0,0.0,0.1644000000000001,-1.2072,-1.0428,1.0,1.0
7,4,3,495,1.0,0.0,0.17939999999999978,-1.6441,-1.4647000000000001,1.0,1.0
7,4,3,496,0.9996,0.0004,0.16159999999999997,-2.109,-1.9474,0.9996,0.9999693504030346
7,4,3,497,0.9997,0.0003,0.2872999999999999,-2.1648,-1.8775000000000002,0.9997,0.9999284368070952
7,4,3,498,0.59815,0.40185,0.05109999999999992,-1.4346999999999999,-1.3836,0.40185,0.9786955705025441
7,4,3,499,0.67265,0.32725,0.0665,-1.6805999999999999,-1.6140999999999999,0.67265,0.9870258092347972
7,4,3,500,0.96965,0.02915,0.002200000000000202,-1.6436000000000002,-1.6414,0.96965,0.9998735428328058
7,4,3,501,0.9708,0.0292,0.14650000000000007,-1.2409,-1.0943999999999998,0.9708,0.9965526633894755
7,4,3,503,0.99955,0.0002,0.5237999999999998,-2.1525,-1.6287,0.99955,0.9998727595818814
7,4,3,505,0.99995,5e-05,0.2630999999999999,-1.3742999999999999,-1.1112,0.99995,0.9999904278541804
7,4,3,506,0.99935,0.0006,0.28690000000000015,-2.3485,-2.0616,0.99935,0.9999166318926975
7,4,3,507,0.8682,0.1307,0.03949999999999987,-2.001,-1.9615,0.8682,0.9973376186906546
7,4,3,508,0.9932,0.00675,0.0653999999999999,-2.3159,-2.2505,0.9932,0.999805334859018
7,4,3,509,0.9841,0.0159,0.09189999999999987,-1.7824,-1.6905000000000001,0.9841,0.9991802008527827
7,4,3,510,0.9999,0.0001,0.17999999999999994,-1.6188999999999998,-1.4388999999999998,0.9999,0.9999888813391808
7,4,3,511,0.62095,0.18235,0.07089999999999996,-1.2610999999999999,-1.1902,0.62095,0.9731254341447944
7,4,3,513,0.99995,5e-05,0.18179999999999996,-1.762,-1.5802,0.99995,0.9999889982973894
7,4,3,515,0.80175,0.19825,0.07899999999999996,-1.7939,-1.7149,0.80175,0.9912694408829923
7,4,3,518,1.0,0.0,0.1825000000000001,-1.9923000000000002,-1.8098,1.0,0.9999999999999999
7,4,3,519,1.0,0.0,0.3829999999999998,-2.2901,-1.9071,1.0,1.0
7,4,3,520,0.99925,0.00075,0.019400000000000084,-2.0055,-1.9861,0.99925,0.9999927449513837
7,4,3,521,0.99995,5e-05,0.3806999999999998,-2.0622,-1.6815,0.99995,0.9999902531277277
7,4,3,522,1.0,0.0,0.14280000000000004,-1.0727,-0.9299,1.0,1.0
7,4,3,523,1.0,0.0,0.5602,-2.2049,-1.6446999999999998,1.0,1.0
7,4,3,524,0.9984,0.00155,0.059499999999999886,-1.9004999999999999,-1.841,0.9984,0.9999457537490135
7,4,3,525,1.0,0.0,0.5206999999999997,-2.3629,-1.8422,1.0,1.0
7,4,3,526,0.97895,0.02105,0.06729999999999992,-1.8275,-1.7602,0.97895,0.999224807113543
7,4,3,527,0.86925,0.13075,0.017200000000000104,-1.8776,-1.8603999999999998,0.86925,0.9988022475500639
7,4,3,528,0.7784,0.22135,0.08320000000000016,-1.6480000000000001,-1.5648,0.7784,0.9887895813106797
7,4,3,530,0.99555,0.00445,0.34219999999999984,-2.11,-1.7678,0.99555,0.999278298578199
7,4,3,531,0.89725,0.0496,0.06980000000000008,-1.7625,-1.6926999999999999,0.89725,0.9924168283687944
7,4,3,532,0.9857,0.01425,0.07499999999999973,-2.9286999999999996,-2.8537,0.9857,0.999623732372725
7,4,3,533,1.0,0.0,0.1685000000000001,-1.6215000000000002,-1.453,1.0,1.0
7,4,3,534,0.99145,0.00625,0.10329999999999973,-2.0408999999999997,-1.9376,0.99145,0.9995415184477435
7,4,3,535,0.9842,0.01565,0.15759999999999996,-2.306,-2.1484,0.9842,0.9988987077189939
7,4,3,536,0.99355,0.00575,0.09299999999999997,-1.6061,-1.5131000000000001,0.99355,0.9995826691986801
7,4,3,539,0.94855,0.0514,0.015600000000000058,-2.352,-2.3364,0.0514,0.9936941772959184
7,4,3,540,0.9998,0.0002,0.1482000000000001,-2.2235,-2.0753,0.9998,0.9999866696649425
7,4,3,541,1.0,0.0,0.2722,-1.4016,-1.1294,1.0,1.0
7,4,3,542,1.0,0.0,0.2456999999999998,-2.2649999999999997,-2.0193,1.0,1.0
7,4,3,543,1.0,0.0,0.3551000000000002,-2.007,-1.6519,1.0,1.0
7,4,3,544,0.75715,0.24285,0.13219999999999987,-1.9982,-1.866,0.75715,0.9839331548393555
7,4,3,545,0.99825,0.0017,0.2128000000000001,-2.0695,-1.8567,0.99825,0.9997054022710801
7,4,3,546,0.9996,0.00025,0.2984,-2.0743,-1.7759,0.9996,0.9998920430988767
7,4,3,547,0.984,0.0147,0.0044999999999999485,-1.9071,-1.9026,0.0147,0.9976384169681717
7,4,3,548,0.9999,5e-05,0.1529999999999998,-1.6265999999999998,-1.4736,0.9999,0.9999765185048567
7,4,3,549,0.9858,0.00825,0.18579999999999997,-1.3102,-1.1244,0.9858,0.9979579568004885
7,4,3,550,0.9995,0.0004,0.3776999999999999,-3.0391,-2.6614,0.9995,0.9998548928959231
7,4,3,551,0.9883,0.01165,0.13439999999999985,-1.9646,-1.8302,0.9883,0.9991972080830703
7,4,3,552,1.0,0.0,0.2177,-1.3264,-1.1087,1.0,1.0
7,4,3,553,1.0,0.0,0.39620000000000033,-2.6682,-2.272,1.0,1.0
7,4,3,554,0.9991,0.00055,0.2939999999999998,-1.9527999999999999,-1.6588,0.9991,0.9997958213846783
7,4,3,555,0.76375,0.14425,0.03790000000000027,-1.5037,-1.4657999999999998,0.092,0.9595912914810135
7,4,3,556,0.99925,0.00065,0.3710999999999993,-2.4063999999999997,-2.0353000000000003,0.99925,0.9998718625332447
7,4,3,558,0.9988,0.00065,0.12700000000000022,-1.8269000000000002,-1.6999,0.9988,0.9996822431441241
7,4,3,559,0.8803,0.1197,0.10230000000000006,-1.8359,-1.7336,0.8803,0.9933300778909527
7,4,3,563,0.9103,0.08965,0.0677000000000001,-1.4195,-1.3518,0.9103,0.9957192532581896
7,4,3,564,0.99945,0.00055,0.24280000000000035,-2.3512000000000004,-2.1084,0.99945,0.9999354606158557
7,4,3,565,1.0,0.0,0.06220000000000003,-1.584,-1.5218,1.0,1.0
7,4,3,566,0.90005,0.0991,0.0259999999999998,-2.0803,-2.0543,0.0991,0.9885036172667402
7,4,3,568,0.9998,0.0002,0.04079999999999995,-1.5230000000000001,-1.4822000000000002,0.9998,0.9999946421536442
7,4,3,569,0.9832,0.0156,0.05439999999999978,-2.2142999999999997,-2.1599,0.9832,0.9993373075012418
7,4,3,575,0.9995,0.00035,0.14719999999999978,-3.1513,-3.0041,0.9995,0.9998741900168185
7,4,3,576,0.9984,0.0016,0.08219999999999983,-2.5089,-2.4267000000000003,0.9984,0.9999475786201124
7,4,3,577,0.9999,0.0001,0.09729999999999994,-1.4738,-1.3765,0.9999,0.9999933980187271
7,4,3,578,0.9967,0.0021,0.1736000000000002,-1.6955,-1.5218999999999998,0.9967,0.999536930109112
7,4,3,579,1.0,0.0,0.2798999999999998,-2.01,-1.7301,1.0,1.0
7,4,3,580,1.0,0.0,0.22489999999999988,-2.0002,-1.7753,1.0,1.0
7,4,3,581,1.0,0.0,0.09130000000000016,-1.7736,-1.6823,1.0,1.0
7,4,3,582,0.9999,0.0001,0.0766,-1.5759,-1.4993,0.9999,0.9999770797639443
7,4,3,583,0.99975,0.00025,0.47239999999999993,-2.2896,-1.8172000000000001,0.99975,0.9999343662648497
7,4,3,584,1.0,0.0,0.13139999999999996,-1.6832,-1.5518,1.0,1.0
7,4,3,585,0.62375,0.3294,0.05489999999999995,-1.8583999999999998,-1.8034999999999999,0.3294,0.9722093413689196
7,4,3,586,0.97585,0.0241,0.0935999999999999,-2.3712,-2.2776,0.97585,0.9990421073717949
7,4,3,587,0.9996,0.0002,0.32520000000000016,-1.7852000000000001,-1.46,0.9996,0.9999095787586824
7,4,3,588,0.9957,0.0042,0.03819999999999979,-1.6507999999999998,-1.6126,0.9957,0.9998965168403201
7,4,3,589,0.8593,0.14045,0.03909999999999991,-1.9411999999999998,-1.9021,0.14045,0.9826494951576347
7,4,3,590,0.9998,0.00015,0.31679999999999997,-1.9014,-1.5846,0.9998,0.9999631219101712
7,4,3,591,1.0,0.0,0.1953999999999998,-1.7719999999999998,-1.5766,1.0,0.9999999999999999
7,4,3,595,0.99995,5e-05,0.17019999999999968,-1.7483999999999997,-1.5782,0.99995,0.9999951326927478
7,4,3,597,0.9154,0.08365,0.04370000000000007,-1.6129,-1.5692,0.9154,0.9975883966767934
7,4,3,598,0.9955,0.0026,0.006299999999999972,-2.1022000000000003,-2.0959000000000003,0.0026,0.9969794786414232
7,4,3,599,0.94485,0.05515,0.11609999999999987,-2.853,-2.7369000000000003,0.94485,0.9977557255520504
7,4,3,601,0.9998,0.0001,0.016799999999999926,-1.9304000000000001,-1.9136000000000002,0.9998,0.9999661935350187
7,4,3,602,0.42775,0.39805,0.06220000000000003,-1.7633,-1.7011,0.1742,0.9595378721714966
7,4,3,604,1.0,0.0,0.25449999999999995,-1.4255,-1.171,1.0,1.0
7,4,3,605,0.9996,0.00035,0.49929999999999986,-2.1233,-1.624,0.9996,0.9998998563556728
7,4,3,606,0.9997,0.00015,0.26259999999999994,-2.1762,-1.9136000000000002,0.9997,0.9999191365683302
7,4,3,607,0.9996,0.0004,0.48180000000000023,-2.4686,-1.9867999999999997,0.9996,0.9999219314591266
7,4,3,609,1.0,0.0,0.34730000000000016,-2.1865,-1.8392,1.0,1.0
7,4,3,610,1.0,0.0,0.07450000000000001,-1.1493,-1.0748,1.0,1.0
7,4,3,611,0.9999,5e-05,0.27070000000000016,-2.3988,-2.1281,0.9999,0.9999652013506755
7,4,3,612,0.6127,0.38725,0.02589999999999959,-2.15,-2.1241000000000003,0.6127,0.9953200348837209
7,4,3,613,1.0,0.0,0.2682000000000002,-2.1225,-1.8542999999999998,1.0,1.0
7,4,3,614,0.99985,0.00015,0.07609999999999983,-2.602,-2.5259,0.99985,0.9999526133743273
7,4,3,615,0.9978,0.0015,0.20469999999999988,-1.7843,-1.5796000000000001,0.9978,0.9996908647648937
7,4,3,616,0.99675,0.0018,0.18269999999999986,-1.5812,-1.3985,0.99675,0.9995320863900835
7,4,3,617,0.99985,5e-05,0.06879999999999997,-2.1864,-2.1176,0.99985,0.99995
7,4,3,618,0.99945,0.00055,0.018400000000000194,-2.3295,-2.3110999999999997,0.99945,0.9999956557201117
7,4,3,619,0.9989,0.001,0.38680000000000003,-2.5899,-2.2031,0.9989,0.9997305378586046
7,4,3,620,1.0,0.0,0.4540000000000002,-2.1637000000000004,-1.7097000000000002,1.0,1.0
7,4,3,621,0.99995,5e-05,0.10309999999999997,-1.765,-1.6619,0.99995,0.9999970793201133
7,4,3,622,0.9854,0.01455,0.13339999999999996,-2.0641,-1.9306999999999999,0.9854,0.9990373794874279
7,4,3,624,0.99935,0.00025,0.4647999999999999,-2.9715,-2.5067,0.99935,0.9998362813393908
7,4,3,625,0.9998,0.0002,0.1903999999999999,-1.4213,-1.2309,0.9998,0.9999262506156336
7,4,3,626,0.99995,5e-05,0.26000000000000023,-2.1025,-1.8424999999999998,0.99995,0.999978375743163
7,4,3,627,0.9625,0.03625,0.041300000000000114,-1.7623,-1.7209999999999999,0.9625,0.9989991573511888
7,4,3,628,0.66465,0.335,0.0524,-1.256,-1.2036,0.335,0.9721739132165605
7,4,3,629,0.99695,0.00305,0.07990000000000008,-1.766,-1.6861,0.99695,0.9998620073612683
7,4,3,630,0.99205,0.0047,0.119,-1.656,-1.537,0.99205,0.9993990187198069
7,4,3,631,0.83805,0.16195,0.019099999999999895,-1.9458,-1.9267,0.83805,0.998410296536129
7,4,3,632,0.91785,0.08215,0.007600000000000051,-2.0007,-1.9931,0.91785,0.9996879392212726
7,4,3,634,1.0,0.0,0.30099999999999993,-2.0324,-1.7314,1.0,1.0
7,4,3,635,0.99675,0.00315,9.999999999998899e-05,-1.0506,-1.0505,0.00315,0.9998958928231486
7,4,3,636,0.9999,5e-05,0.11839999999999984,-2.6557,-2.5373,0.9999,0.9999658997627745
7,4,3,637,1.0,0.0,0.4797,-2.1787,-1.699,1.0,1.0
7,4,3,638,0.99965,0.0002,0.5104000000000002,-2.3688000000000002,-1.8584,0.99965,0.9998884160756499
7,4,3,639,0.9973,0.0014,0.5070000000000001,-2.2256,-1.7186,0.9973,0.9991930265995685
7,4,3,640,1.0,0.0,0.08710000000000018,-1.5775000000000001,-1.4904,1.0,1.0
7,4,3,641,0.9997,0.0003,0.15010000000000012,-2.4776000000000002,-2.3275,0.9997,0.9999818251533741
7,4,3,642,0.9979,0.0021,0.11620000000000008,-1.5844,-1.4682,0.9979,0.999845985862156
7,4,3,643,0.99985,0.00015,0.34210000000000007,-2.1067,-1.7646,0.99985,0.9999756419993355
7,4,3,644,0.99985,0.00015,0.17600000000000016,-2.2449000000000003,-2.0689,0.99985,0.9999799612454897
7,4,3,645,0.74785,0.2069,0.0677000000000001,-1.9662000000000002,-1.8985,0.2069,0.9711099786389988
7,4,3,647,0.9943,0.00535,0.1432,-1.052,-0.9088,0.9943,0.9991883460076044
7,4,3,648,0.99815,0.0016,0.17009999999999992,-1.3646,-1.1945000000000001,0.99815,0.999585955591382
7,4,3,649,0.99995,5e-05,0.3155000000000001,-2.1042,-1.7887,0.99995,0.9999808929759527
7,4,3,650,0.65045,0.34935,0.03730000000000011,-1.7082000000000002,-1.6709,0.65045,0.9923395504039338
7,4,3,651,0.9544,0.0456,0.023399999999999643,-2.2104,-2.1870000000000003,0.9544,0.9995172638436484
7,4,3,652,0.99685,0.0022,0.20599999999999996,-2.2856,-2.0796,0.99685,0.9993165383269164
7,4,3,654,0.9998,0.0002,0.5184000000000002,-2.9005,-2.3821,0.9998,0.9999642544388898
7,4,3,655,0.5509,0.449,0.03290000000000015,-1.1283,-1.0954,0.449,0.9839156784543116
7,4,3,658,0.99825,0.00175,0.08860000000000001,-1.1893,-1.1007,0.99825,0.9998696291936433
7,4,3,660,0.99975,0.0002,0.5297999999999998,-2.1289,-1.5991,0.99975,0.9999375475597726
7,4,3,661,0.99945,0.0005,0.1913999999999998,-2.2252,-2.0338000000000003,0.99945,0.9999502269458924
7,4,3,662,0.9005,0.09935,0.08869999999999978,-2.1422999999999996,-2.0536,0.9005,0.9958628646781497
7,4,3,663,0.9995,0.0004,0.2604000000000002,-2.9552,-2.6948,0.9995,0.9998652409312399
7,4,3,664,0.52805,0.40925,0.09939999999999971,-1.5030999999999999,-1.4037000000000002,0.52805,0.9682093041048502
7,4,3,666,0.99995,5e-05,0.15229999999999988,-1.3698,-1.2175,0.99995,0.9999914805081035
7,4,3,667,0.9992,0.0006,0.05620000000000003,-1.7143000000000002,-1.6581000000000001,0.9992,0.9999139065507788
7,4,3,668,0.9028,0.0972,0.09420000000000006,-1.7318,-1.6376,0.9028,0.9947128767756093
7,4,3,670,0.99995,5e-05,0.2278,-1.6228,-1.395,0.99995,0.999992981266946
7,4,3,672,1.0,0.0,0.05889999999999995,-1.4032,-1.3443,1.0,1.0
7,4,3,673,0.99995,5e-05,0.1961999999999997,-1.8213,-1.6251000000000002,0.99995,0.9999904271674079
7,4,3,674,0.9989,0.0011,0.47040000000000015,-2.5642,-2.0938,0.9989,0.9996647492395289
7,4,3,675,1.0,0.0,0.37360000000000015,-2.0135,-1.6399,1.0,1.0
7,4,3,676,0.9999,0.0001,0.5651000000000002,-2.218,-1.6528999999999998,0.9999,0.9999557574391343
7,4,3,678,1.0,0.0,0.28400000000000025,-2.3475,-2.0635,1.0,1.0
7,4,3,679,0.99775,0.00225,0.14270000000000005,-1.3083,-1.1656,0.99775,0.9997545861041047
7,4,3,680,0.99995,5e-05,0.2599999999999998,-1.9144999999999999,-1.6545,0.99995,0.9999932097153302
7,4,3,681,0.99195,0.00805,0.057800000000000074,-1.2175,-1.1597,0.99195,0.9996178316221767
7,4,3,683,1.0,0.0,0.3664999999999998,-1.6942,-1.3277,1.0,1.0
7,4,3,684,0.9998,0.0001,0.19409999999999994,-1.8613,-1.6672,0.9998,0.999970429269865
7,4,3,685,0.9999,0.0001,0.1603000000000001,-1.5329,-1.3725999999999998,0.9999,0.9999895426968493
7,4,3,686,0.9999,0.0001,0.12069999999999981,-1.8639999999999999,-1.7433,0.9999,0.9999935246781115
7,4,3,687,0.99995,5e-05,0.28970000000000007,-1.8187,-1.529,0.99995,0.9999920355198768
7,4,3,689,0.6372,0.3234,0.04069999999999996,-1.9093000000000002,-1.8686000000000003,0.6372,0.9921754988739329
7,4,3,690,0.97635,0.02125,0.011900000000000022,-1.7359,-1.724,0.02125,0.9931220462008179
7,4,3,691,1.0,0.0,0.4821,-2.1864,-1.7043,1.0,1.0
7,4,3,693,0.99985,0.00015,0.4072,-1.1795,-0.7723,0.99985,0.9999460025434507
7,4,3,694,0.9998,0.00015,0.05279999999999996,-1.5177,-1.4649,0.9998,0.9999925248731634
7,4,3,696,1.0,0.0,0.16359999999999975,-1.2492999999999999,-1.0857,1.0,1.0
7,4,3,698,0.99795,0.00125,0.4502999999999999,-2.6121,-2.1618,0.99795,0.9995453236859233
7,4,3,700,1.0,0.0,0.3168000000000002,-1.5728000000000002,-1.256,1.0,1.0
7,4,3,701,0.9998,0.0002,0.22819999999999974,-2.1197,-1.8915000000000002,0.9998,0.9999190357126008
7,4,3,703,0.99995,5e-05,0.12950000000000017,-1.641,-1.5114999999999998,0.99995,0.9999956276660571
7,4,3,704,0.9999,0.0001,0.3100999999999998,-2.6574,-2.3473,0.9999,0.9999629336945887
7,4,3,705,0.99945,0.00055,0.13650000000000007,-1.2850000000000001,-1.1485,0.99945,0.9999415758754864
7,4,3,706,1.0,0.0,0.29300000000000015,-1.6299000000000001,-1.3369,1.0,1.0
7,4,3,707,0.99955,0.00025,0.2679999999999998,-2.2455,-1.9775,0.99955,0.9999118637274548
7,4,3,708,0.9553,0.04455,0.0827,-1.8878,-1.8051,0.9553,0.9980054163576652
7,4,3,709,0.72215,0.27785,0.08420000000000005,-1.7689,-1.6846999999999999,0.72215,0.9867742834529933
7,4,3,710,0.9988,0.0012,0.3307,-1.7395,-1.4088,0.9988,0.9997718654785857
7,4,3,711,1.0,0.0,0.22859999999999991,-1.6021999999999998,-1.3736,1.0,1.0
7,4,3,712,1.0,0.0,0.08919999999999995,-1.9874,-1.8982,1.0,1.0
7,4,3,713,1.0,0.0,0.2612000000000001,-2.1006,-1.8394,1.0,1.0
7,4,3,714,0.76575,0.2342,0.07380000000000009,-1.964,-1.8901999999999999,0.76575,0.9911874210794297
7,4,3,715,0.83055,0.1403,0.006999999999999895,-1.2468,-1.2398,0.1403,0.978243491337825
7,4,3,716,0.803,0.1915,0.021600000000000064,-1.8696000000000002,-1.848,0.803,0.9975551454856654
7,4,3,717,1.0,0.0,0.21299999999999986,-1.6557,-1.4427,1.0,1.0
7,4,3,718,0.99995,5e-05,0.2569999999999999,-1.9397,-1.6827,0.99995,0.999993375264216
7,4,3,719,0.9994,0.0003,0.20730000000000004,-1.6473,-1.44,0.9994,0.9998488374916531
7,4,3,722,0.99995,5e-05,0.0887,-1.9432,-1.8545,0.99995,0.9999977176821737
7,4,3,723,0.9916,0.0084,0.19850000000000012,-2.2169,-2.0183999999999997,0.9916,0.9992478686454059
7,4,3,724,0.9997,0.0003,0.3650000000000002,-1.4024,-1.0373999999999999,0.9997,0.9999219195664575
7,4,3,726,0.99955,0.00015,0.7684000000000002,-2.6432,-1.8748,0.99955,0.9998559757112591
7,4,3,727,0.99995,5e-05,0.3588,-1.9519,-1.5931,0.99995,0.9999805881448844
7,4,3,728,0.9994,0.0006,0.1972999999999998,-2.2862999999999998,-2.089,0.9994,0.9999482220181078
7,4,3,729,0.99985,0.0001,0.3218000000000001,-2.0349,-1.7130999999999998,0.99985,0.9999589463855718
7,4,3,730,0.6256,0.3744,0.04259999999999975,-1.9901,-1.9475000000000002,0.3744,0.9866084317370988
7,4,3,731,1.0,0.0,0.23209999999999997,-1.8813,-1.6492,1.0,1.0
7,4,3,732,0.9931,0.0069,0.07090000000000019,-1.8145,-1.7435999999999998,0.9931,0.9997303885367871
7,4,3,734,0.9915,0.00745,0.10129999999999972,-2.1746,-2.0733,0.9915,0.9992203853582269
7,4,3,735,0.8216,0.17755,0.11610000000000009,-1.4905000000000002,-1.3744,0.8216,0.9860753170077156
7,4,3,736,0.8705,0.1295,0.06510000000000016,-1.6398000000000001,-1.5747,0.8705,0.9948588547383826
7,4,3,737,0.9996,0.0004,0.09669999999999979,-1.5343,-1.4376000000000002,0.9996,0.9999747898064265
7,4,3,738,0.99955,0.00025,0.5606000000000004,-2.0357000000000003,-1.4750999999999999,0.99955,0.9998717345384879
7,4,3,740,0.79375,0.1172,0.018199999999999994,-1.2378,-1.2196,0.79375,0.9881448537728231
7,4,3,742,1.0,0.0,0.12880000000000003,-2.3512999999999997,-2.2224999999999997,1.0,1.0
7,4,3,743,0.99955,0.00045,0.1705000000000001,-1.7967,-1.6261999999999999,0.99955,0.9999572967106362
7,4,3,744,0.7358,0.2147,0.22320000000000007,-1.2132,-0.99,0.7358,0.9492620260468184
7,4,3,747,0.6908,0.3091,0.03269999999999995,-1.1272,-1.0945,0.3091,0.9799465356635911
7,4,3,748,0.99965,0.0001,0.3400000000000003,-2.9671000000000003,-2.6271,0.99965,0.9999144686731152
7,4,3,749,0.99325,0.00475,0.13280000000000003,-2.5172,-2.3844,0.99325,0.9982191343556333
7,4,3,750,1.0,0.0,0.09179999999999988,-1.6655,-1.5737,1.0,1.0
7,4,3,752,0.5422,0.3354,0.01519999999999988,-1.4862,-1.471,0.3354,0.9818203741084645
7,4,3,753,0.99985,0.0001,0.2311000000000003,-1.3412000000000002,-1.1100999999999999,0.99985,0.9999708320906651
7,4,3,754,0.8103,0.1893,0.0004999999999997229,-2.3467,-2.3462,0.1893,0.9996834597519924
7,4,3,755,0.9962,0.0038,0.0927,-1.5525,-1.4598,0.9962,0.9997731014492753
7,4,3,757,0.9999,5e-05,0.12750000000000017,-1.7229,-1.5954,0.9999,0.9999805879621568
7,4,3,759,1.0,0.0,0.35719999999999974,-2.1875999999999998,-1.8304,1.0,1.0
7,4,3,760,0.9991,0.00035,0.21119999999999983,-2.6856999999999998,-2.4745,0.9991,0.9998357504561194
7,4,3,761,0.88645,0.11355,0.1039000000000001,-1.6989,-1.595,0.88645,0.993055597739714
7,4,3,765,0.9869,0.00695,0.6641000000000001,-2.4771,-1.813,0.9869,0.9960250494529895
7,4,3,767,0.99965,0.00035,0.21279999999999988,-1.9427,-1.7299000000000002,0.99965,0.9999616616049827
7,4,3,768,0.88295,0.11695,0.000500000000000167,-2.4188,-2.4183,0.88295,0.9999576215478752
7,4,3,769,0.99915,0.00085,0.2103999999999997,-2.0610999999999997,-1.8507,0.99915,0.999913230799088
7,4,3,771,0.9998,0.0002,0.30299999999999994,-1.9057,-1.6027,0.9998,0.9999682006611742
7,4,3,772,0.7613,0.18945,0.04310000000000003,-0.9177000000000001,-0.8746,0.7613,0.9839965729541243
7,4,3,775,0.7321,0.2679,0.047499999999999876,-2.1103,-2.0628,0.2679,0.9835214187556272
7,4,3,776,0.6708,0.215,0.0016000000000000458,-0.9133,-0.9117,0.1141,0.9506818296288185
7,4,3,777,0.56105,0.43815,0.0011999999999998678,-2.2408,-2.2396000000000003,0.56105,0.9995040699750092
7,4,3,778,0.9994,0.00055,0.04760000000000009,-1.3642,-1.3166,0.9994,0.9999762021697698
7,4,3,779,0.9973,0.0027,0.05020000000000002,-1.8053,-1.7550999999999999,0.9973,0.9999249210657508
7,4,3,780,0.9999,5e-05,0.12110000000000021,-2.0585,-1.9373999999999998,0.9999,0.9999817391304349
7,4,3,781,0.9999,0.0001,0.36529999999999974,-2.143,-1.7777,0.9999,0.9999663929071394
7,4,3,782,0.55245,0.2196,0.009199999999999875,-1.2092,-1.2000000000000002,0.2196,0.9772486768111148
7,4,3,784,0.99855,0.00105,0.5511000000000004,-2.6598,-2.1087,0.99855,0.9995191273779983
7,4,3,785,1.0,0.0,0.2912999999999999,-1.5221999999999998,-1.2308999999999999,1.0,1.0
7,4,3,786,0.9997,0.0002,0.4950999999999999,-2.0442,-1.5491000000000001,0.9997,0.9998877996282164
7,4,3,787,0.99695,0.0021,0.016100000000000003,-1.5975,-1.5814,0.0021,0.9899364350547731
7,4,3,789,1.0,0.0,0.34140000000000015,-1.9706000000000001,-1.6292,1.0,0.9999999999999999
7,4,3,790,0.99985,0.00015,0.1352,-1.1422999999999999,-1.0070999999999999,0.99985,0.9999822463450933
7,4,3,792,0.9988,0.00085,0.19930000000000003,-1.6970999999999998,-1.4977999999999998,0.9988,0.9998500618702495
7,4,3,794,0.9966,0.0034,0.06930000000000014,-2.7529,-2.6835999999999998,0.9966,0.999914410258273
7,4,3,795,1.0,0.0,0.3437000000000001,-1.605,-1.2612999999999999,1.0,1.0
7,4,3,796,1.0,0.0,0.22520000000000007,-1.8381,-1.6129,1.0,1.0
7,4,3,797,0.95305,0.04695,0.051200000000000134,-1.3159,-1.2647,0.95305,0.998173235048256
7,4,3,798,1.0,0.0,0.5478000000000001,-1.6511,-1.1033,1.0,1.0
7,4,3,799,0.6039,0.3961,0.07840000000000003,-1.4863,-1.4079,0.3961,0.9681452196730135
7,4,3,800,1.0,0.0,0.2299,-1.8438,-1.6139000000000001,1.0,1.0
7,4,3,801,0.937,0.0612,0.04400000000000004,-2.6527000000000003,-2.6087000000000002,0.0612,0.9838040864025333
7,4,3,802,0.77715,0.22285,0.1955,-2.5077,-2.3122,0.77715,0.9826266399489573
7,4,3,803,0.9649,0.0351,0.03370000000000006,-1.9993,-1.9656,0.9649,0.9994083579252737
7,4,3,805,1.0,0.0,0.5083000000000002,-1.8492000000000002,-1.3409,1.0,0.9999999999999999
7,4,3,806,0.99995,5e-05,0.09660000000000002,-1.8746,-1.778,0.99995,0.999997423450336
7,4,3,808,0.99995,5e-05,0.08759999999999968,-1.4207999999999998,-1.3332000000000002,0.99995,0.999990892454955
7,4,3,809,0.99445,0.0034,0.010800000000000143,-1.8954,-1.8845999999999998,0.99445,0.9999041732615807
7,4,3,810,0.99195,0.00805,0.12409999999999988,-1.4790999999999999,-1.355,0.99195,0.999324585896829
7,4,3,813,1.0,0.0,0.3495999999999999,-1.385,-1.0354,1.0,1.0
7,4,3,814,0.99985,0.0001,0.13139999999999996,-1.6477,-1.5163,0.99985,0.999971526976998
7,4,3,815,0.99995,5e-05,0.16769999999999996,-1.8634,-1.6957,0.99995,0.9999760196415155
7,4,3,816,0.99995,5e-05,0.45379999999999976,-2.4856,-2.0318,0.99995,0.9999908714193755
7,4,3,817,0.9915,0.0085,0.19530000000000003,-1.5464,-1.3511,0.9915,0.9989265067252975
7,4,3,819,1.0,0.0,0.20510000000000006,-1.4265,-1.2214,1.0,1.0
7,4,3,820,0.92165,0.073,0.10589999999999988,-1.9502,-1.8443,0.92165,0.9947235334837452
7,4,3,821,0.99945,0.0004,0.7164000000000001,-2.3648000000000002,-1.6484,0.99945,0.9998168174898512
7,4,3,822,0.9999,0.0001,0.19900000000000007,-1.8293000000000001,-1.6303,0.9999,0.9999891215218937
7,4,3,823,0.99805,0.00185,0.14080000000000004,-2.063,-1.9222000000000001,0.99805,0.9998451114881243
7,4,3,824,0.99995,5e-05,0.21700000000000008,-2.0695,-1.8525,0.99995,0.9999940517033099
7,4,3,825,0.9998,5e-05,0.11540000000000017,-2.0884,-1.9729999999999999,0.9998,0.9999353859413904
7,4,3,826,0.99965,0.00035,0.15790000000000015,-1.8841,-1.7262,0.99965,0.9999706676927977
7,4,3,827,0.9985,0.00135,0.2648999999999997,-1.9462,-1.6813000000000002,0.9985,0.9997596906792725
7,4,3,828,0.99995,5e-05,0.23989999999999978,-1.6772999999999998,-1.4374,0.99995,0.9999928486257678
7,4,3,830,1.0,0.0,0.14639999999999986,-2.4082,-2.2618,1.0,1.0
7,4,3,831,0.70255,0.29345,0.014599999999999946,-1.2937,-1.2791000000000001,0.29345,0.9847712800494705
7,4,3,832,0.9999,0.0001,0.13060000000000005,-1.663,-1.5324,0.9999,0.999989945880938
7,4,3,833,0.8001,0.1999,0.040100000000000025,-1.6529,-1.6128,0.1999,0.9805892612983242
7,4,3,835,0.85025,0.10215,0.13490000000000013,-1.0659,-0.9309999999999999,0.85025,0.9797539168777558
7,4,3,836,0.51175,0.48825,0.06420000000000003,-1.3666,-1.3024,0.48825,0.9759590589784868
7,4,3,837,0.99895,0.00105,0.09820000000000007,-1.5263000000000002,-1.4281000000000001,0.99895,0.9999324444735636
7,4,3,838,0.86485,0.13255,0.014100000000000001,-1.8143,-1.8002,0.13255,0.9931980571019126
7,4,3,839,0.9997,0.0003,0.13139999999999996,-1.1335,-1.0021,0.9997,0.9999652227613586
7,4,3,840,0.9994,0.0004,0.015599999999999836,-1.6399,-1.6243,0.9994,0.9999647082139158
7,4,3,841,0.99965,0.0003,0.11399999999999988,-1.8331999999999997,-1.7191999999999998,0.99965,0.9999760937159066
7,4,3,842,0.98335,0.0166,0.15869999999999984,-2.026,-1.8673,0.98335,0.998693672260612
7,4,3,843,1.0,0.0,0.2851999999999999,-1.146,-0.8608,1.0,1.0
7,4,3,844,0.99915,0.0008,0.1387999999999998,-2.1338999999999997,-1.9950999999999999,0.99915,0.9999295398097382
7,4,3,845,0.9999,5e-05,0.5236000000000001,-2.4175,-1.8939,0.9999,0.9999748748707342
7,4,3,846,0.9934,0.0064,0.04630000000000001,-2.4728,-2.4265,0.9934,0.9998084276933031
7,4,3,847,0.64505,0.35495,0.07469999999999999,-1.6053000000000002,-1.5306000000000002,0.35495,0.9699836572603253
7,4,3,848,0.97945,0.0155,0.04010000000000025,-1.6188000000000002,-1.5787,0.97945,0.9991506640721521
7,4,3,849,0.99955,0.0002,0.3494999999999999,-2.1656,-1.8161,0.99955,0.9998865926302177
7,4,3,850,0.5784,0.26035,0.07000000000000028,-1.3961000000000001,-1.3260999999999998,0.5784,0.9721736444380774
7,4,3,851,0.97975,0.01995,0.057399999999999896,-1.7143,-1.6569,0.97975,0.9992783118474015
7,4,3,852,0.99985,0.00015,0.11529999999999996,-1.46,-1.3447,0.99985,0.9999827602739726
7,4,3,853,0.99915,0.0007,0.7170999999999996,-2.6205999999999996,-1.9035,0.99915,0.9997556723651073
7,4,3,854,0.99945,0.00055,0.11060000000000003,-1.8216,-1.711,0.99945,0.9999666062801934
7,4,3,855,0.9933,0.0067,0.04459999999999997,-2.3066,-2.262,0.9933,0.9998228127980577
7,4,3,856,0.99975,0.0002,0.33119999999999994,-2.0534,-1.7222,0.99975,0.9999331693776177
7,4,3,857,0.8234,0.1766,0.03590000000000004,-1.9691,-1.9332,0.1766,0.9849880351429587
7,4,3,858,0.7309,0.2688,0.046699999999999964,-2.2607000000000004,-2.2140000000000004,0.7309,0.994339058698633
7,4,3,859,0.993,0.00665,0.14239999999999986,-2.1652,-2.0228,0.993,0.9994121028080547
7,4,3,861,0.99995,5e-05,0.3207,-1.3215999999999999,-1.0009,0.99995,0.9999878669794189
7,4,3,862,0.99975,0.00015,0.6840000000000002,-3.2277000000000005,-2.5437000000000003,0.99975,0.9999397434705827
7,4,3,864,0.9999,0.0001,0.21130000000000004,-2.4056,-2.1943,0.9999,0.9999912163285667
7,4,3,865,0.9953,0.00365,0.09030000000000016,-0.9606000000000001,-0.8703,0.9953,0.999535004164064
7,4,3,868,0.8585,0.14145,0.0235000000000003,-2.2683,-2.2447999999999997,0.8585,0.9985280386192305
7,4,3,869,0.81415,0.18545,0.06009999999999982,-2.4027,-2.3426,0.18545,0.9794987305947477
7,4,3,871,0.99485,0.00305,0.1540999999999999,-1.4499,-1.2958,0.99485,0.9988669528933031
7,4,3,873,0.99985,0.00015,0.38649999999999984,-2.2908999999999997,-1.9043999999999999,0.99985,0.999961381989611
7,4,3,874,1.0,0.0,0.17060000000000008,-1.7219,-1.5513,1.0,1.0
7,4,3,875,0.99915,0.00045,0.19310000000000005,-2.1789,-1.9858,0.99915,0.9997483615585847
7,4,3,878,0.83315,0.16685,0.00140000000000029,-1.7307000000000001,-1.7292999999999998,0.83315,0.9998650314901486
7,4,3,881,0.91535,0.0714,0.11350000000000005,-0.9600000000000001,-0.8465,0.91535,0.9862287864583333
7,4,3,882,0.9943,0.0056,0.6311999999999998,-2.529,-1.8978000000000002,0.9943,0.998568612099644
7,4,3,883,1.0,0.0,0.26580000000000026,-2.1542000000000003,-1.8884,1.0,1.0
7,4,3,885,1.0,0.0,0.21029999999999993,-1.7123,-1.502,1.0,1.0
7,4,3,886,0.99455,0.00495,0.3290999999999995,-2.8518999999999997,-2.5228,0.99455,0.9988819418633192
7,4,3,887,0.99995,5e-05,0.15800000000000014,-0.9855,-0.8274999999999999,0.99995,0.9999838356164383
7,4,3,888,0.9999,0.0001,0.13790000000000013,-1.3517000000000001,-1.2138,0.9999,0.9999897980321076
7,4,3,890,0.99775,0.00225,0.07590000000000008,-1.4409,-1.365,0.99775,0.9998814803247971
7,4,3,892,0.99995,5e-05,0.26449999999999996,-1.959,-1.6945000000000001,0.99995,0.9999932491066871
7,4,3,893,0.9965,0.0021,0.07640000000000002,-2.1347,-2.0583,0.9965,0.9993859933480116
7,4,3,894,0.9929,0.00595,0.4033,-2.3815,-1.9782,0.9929,0.9986921562040731
7,4,3,895,0.99995,5e-05,0.2402000000000002,-1.8117,-1.5715,0.99995,0.9999933708671414
7,4,3,896,0.5235,0.4765,0.06449999999999978,-1.8569,-1.7924000000000002,0.4765,0.9818160644084228
7,4,3,897,0.9996,0.0004,0.08729999999999993,-1.7532,-1.6659000000000002,0.9996,0.9999800821355236
7,4,3,898,0.99995,5e-05,0.29359999999999986,-1.7398,-1.4462000000000002,0.99995,0.9999915622485341
7,4,3,899,0.998,0.002,0.09150000000000014,-1.6948,-1.6033,0.998,0.9998920226575405
7,4,3,900,0.99995,5e-05,0.16349999999999998,-2.2951,-2.1316,0.99995,0.9999862598579584
7,4,3,902,0.99995,5e-05,0.2426999999999997,-1.9634999999999998,-1.7208,0.99995,0.9999801578813344
7,4,3,903,0.99875,0.0012,0.2136,-1.8926,-1.679,0.99875,0.9998440346613126
7,4,3,904,0.99995,5e-05,0.32499999999999996,-1.9175,-1.5925,0.99995,0.9999832281616687
7,4,3,906,0.9994,0.0003,0.17039999999999988,-1.9864,-1.816,0.9994,0.9999058673983083
7,4,3,907,0.9999,0.0001,0.24309999999999987,-1.6928,-1.4497000000000002,0.9999,0.9999856391776937
7,4,3,908,0.9994,0.00035,0.3112999999999997,-2.4812,-2.1699,0.9994,0.9997818253264548
7,4,3,909,0.94445,0.05555,0.04679999999999995,-1.7582,-1.7114,0.94445,0.9985213627573655
7,4,3,911,1.0,0.0,0.07620000000000005,-2.0095,-1.9333,1.0,1.0
7,4,3,912,0.9592,0.0402,0.00990000000000002,-2.5846999999999998,-2.5747999999999998,0.9592,0.9996524935195574
7,4,3,913,0.99885,0.00115,0.3032999999999997,-2.2077999999999998,-1.9045,0.99885,0.9998420169399402
7,4,3,914,1.0,0.0,0.33950000000000014,-1.8623000000000003,-1.5228000000000002,1.0,1.0
7,4,3,915,0.9998,0.00015,0.3617999999999999,-1.4179,-1.0561,0.9998,0.9999261936666902
7,4,3,916,0.56725,0.3099,0.008099999999999996,-1.4365,-1.4284000000000001,0.3099,0.9856202506091194
7,4,3,917,0.9968,0.0031,0.29800000000000004,-2.8827000000000003,-2.5847,0.9968,0.9996575328684915
7,4,3,919,0.9979,0.0021,0.006299999999999972,-1.6067,-1.6004,0.0021,0.9960871537934898
7,4,3,920,0.98645,0.0061,0.46269999999999945,-2.2287999999999997,-1.7661000000000002,0.98645,0.9969684807968412
7,4,3,921,1.0,0.0,0.2714000000000001,-1.5535,-1.2821,1.0,1.0
7,4,3,923,0.50405,0.49525,0.06590000000000007,-1.5982,-1.5323,0.50405,0.9795150575647603
7,4,3,924,1.0,0.0,0.49,-2.0818,-1.5917999999999999,1.0,1.0
7,4,3,925,0.999,0.0007,0.2467999999999999,-2.5255,-2.2787,0.999,0.9998597406454167
7,4,3,926,0.99985,5e-05,0.30489999999999995,-2.3106,-2.0057,0.99985,0.9999707868086211
7,4,3,928,0.99815,0.00185,0.13530000000000042,-2.0852000000000004,-1.9499,0.99815,0.9998799611548054
7,4,3,929,1.0,0.0,0.3687999999999998,-1.7942999999999998,-1.4255,1.0,0.9999999999999999
7,4,3,931,0.99975,0.00025,0.21830000000000016,-1.7856,-1.5673,0.99975,0.9999694360439066
7,4,3,932,1.0,0.0,0.25150000000000006,-1.842,-1.5905,1.0,1.0
7,4,3,933,0.9975,0.0024,0.05830000000000002,-2.282,-2.2237,0.9975,0.9999044040315511
7,4,3,935,0.9998,0.00015,0.05459999999999998,-1.6263,-1.5717,0.9998,0.9999817868781897
7,4,3,937,0.99955,0.00025,0.41659999999999986,-1.6843,-1.2677,0.99955,0.9998856913851452
7,4,3,938,0.77145,0.2282,0.03289999999999993,-1.8295,-1.7966,0.77145,0.9957822191855699
7,4,3,939,1.0,0.0,0.15969999999999995,-2.3095,-2.1498,1.0,1.0
7,4,3,940,0.9997,0.00015,0.5996000000000001,-3.1481,-2.5484999999999998,0.9997,0.9999204726660526
7,4,3,941,0.9998,0.0001,0.20009999999999994,-2.3277,-2.1276,0.9998,0.9999676354341195
7,4,3,942,1.0,0.0,0.1387999999999998,-1.2079,-1.0691000000000002,1.0,1.0
7,4,3,943,0.97425,0.02575,0.1071000000000002,-1.5850000000000002,-1.4779,0.97425,0.998260047318612
7,4,3,945,1.0,0.0,0.5055000000000001,-2.6938,-2.1883,1.0,1.0
7,4,3,946,1.0,0.0,0.2502000000000002,-1.8799000000000001,-1.6297,1.0,0.9999999999999999
7,4,3,947,0.94395,0.05605,0.0033999999999998476,-1.8331,-1.8297,0.94395,0.9998960394959358
7,4,3,948,1.0,0.0,0.17819999999999991,-1.7279,-1.5497,1.0,1.0
7,4,3,949,1.0,0.0,0.13500000000000023,-2.1078,-1.9727999999999999,1.0,1.0
7,4,3,950,0.4426,0.37735,0.01869999999999994,-1.0161,-0.9974000000000001,0.18005,0.9754140881802974
7,4,3,951,0.9999,0.0001,0.12959999999999994,-2.08,-1.9504000000000001,0.9999,0.9999937692307693
7,4,3,952,0.98905,0.00985,0.4080999999999999,-1.8869,-1.4788000000000001,0.98905,0.9974907811754732
7,4,3,953,0.71265,0.2776,0.11149999999999993,-2.335,-2.2235,0.71265,0.985958038543897
7,4,3,956,0.7846,0.2154,0.012000000000000455,-2.0682,-2.0561999999999996,0.7846,0.9987502175805048
7,4,3,957,1.0,0.0,0.2734000000000001,-2.7755,-2.5021,1.0,1.0
7,4,3,960,0.398,0.3055,0.008500000000000174,-1.81,-1.8014999999999999,0.11965,0.9813260745856351
7,4,3,961,0.99575,0.00325,0.6454999999999997,-2.3569999999999998,-1.7115,0.99575,0.9988013258379297
7,4,3,962,0.99335,0.0063,0.10640000000000005,-1.6444,-1.538,0.99335,0.9995674166869376
7,4,3,963,0.46735,0.2922,0.0472999999999999,-2.3687,-2.3214,0.46735,0.9834556782201207
7,4,3,964,0.7062,0.29375,0.08230000000000004,-1.6479,-1.5655999999999999,0.7062,0.9853111657260756
7,4,3,965,0.99995,5e-05,0.3525999999999998,-2.1561,-1.8035,0.99995,0.999991823199295
7,4,3,967,0.99995,5e-05,0.2852999999999999,-2.1218,-1.8365,0.99995,0.9999804505608447
7,4,3,970,0.9998,0.00015,0.20700000000000007,-1.8543,-1.6473,0.9998,0.9999615596181847
7,4,3,971,0.9999,0.0001,0.3355000000000006,-2.8523000000000005,-2.5168,0.9999,0.9999728008975213
7,4,3,972,0.999,0.0006,0.3998000000000004,-2.2842000000000002,-1.8843999999999999,0.999,0.9997546274406796
7,4,3,973,0.92415,0.0664,0.09370000000000012,-1.5344000000000002,-1.4407,0.0664,0.9429282814129301
7,4,3,975,0.9999,0.0001,0.09670000000000001,-1.7315,-1.6348,0.9999,0.9999944152468958
7,4,3,978,0.99925,0.0006,0.0371999999999999,-1.7051,-1.6679000000000002,0.99925,0.9998608996539793
7,4,3,981,0.99895,0.001,0.0532999999999999,-1.9162,-1.8629,0.99895,0.9999665927356227
7,4,3,982,0.99915,0.0008,0.18909999999999982,-1.1503999999999999,-0.9613,0.99915,0.9998473444019471
7,4,3,985,0.9966,0.0033,0.15859999999999985,-1.5423,-1.3837000000000002,0.9966,0.9996432373727548
7,4,3,986,0.9615,0.0385,0.04390000000000005,-1.4603,-1.4163999999999999,0.9615,0.9988426008354448
7,4,3,988,0.99985,0.00015,0.13569999999999993,-2.4071000000000002,-2.2714000000000003,0.99985,0.9999915437663578
7,4,3,989,0.99995,5e-05,0.07319999999999993,-2.0063999999999997,-1.9331999999999998,0.99995,0.9999981758373206
7,4,3,991,0.9997,0.00015,0.7011000000000003,-3.3254,-2.6243,0.9997,0.9999219417212969
7,4,3,992,0.99925,0.00035,0.04780000000000051,-2.3705000000000003,-2.3226999999999998,0.99925,0.99989144695212
7,4,3,993,0.98035,0.0196,0.0013999999999998458,-1.9383,-1.9369,0.0196,0.9992720167156788
7,4,3,994,0.99795,0.00205,0.7849000000000002,-2.5853,-1.8004,0.99795,0.9993189397748811
7,4,3,995,0.99995,5e-05,0.2261000000000002,-2.1220000000000003,-1.8959000000000001,0.99995,0.9999800989632422
7,4,3,996,0.9999,0.0001,0.4501999999999997,-2.3935999999999997,-1.9434,0.9999,0.9999811915106952
7,4,3,997,0.8727,0.12725,0.031400000000000095,-1.4002000000000001,-1.3688,0.12725,0.9804230645622055
7,4,3,998,0.99995,5e-05,0.4348000000000001,-2.2848,-1.85,0.99995,0.9999904849439777
7,4,3,999,0.83545,0.1644,0.012599999999999945,-1.5104000000000002,-1.4978000000000002,0.83545,0.9980819054555086
7,4,3,1000,0.82775,0.17195,0.013599999999999834,-1.7719999999999998,-1.7584,0.17195,0.9935588431151243
7,4,3,1001,0.99965,0.00035,0.05940000000000012,-2.4002,-2.3407999999999998,0.99965,0.9999913382218147
7,4,3,1002,0.9985,0.0014,0.21639999999999993,-1.8284,-1.612,0.9985,0.9996907131918618
7,4,3,1003,0.99685,0.00315,0.3318000000000001,-2.1238,-1.792,0.99685,0.9993570369149637
7,4,3,1004,0.82145,0.17855,0.04200000000000004,-1.2859,-1.2439,0.82145,0.9941682090364725
7,4,3,1005,0.9998,0.00015,0.10749999999999993,-2.2038,-2.0963000000000003,0.9998,0.9999826731100825
7,4,3,1006,0.7402,0.25975,0.03530000000000011,-1.4795,-1.4442,0.25975,0.9823333896586683
7,4,3,1007,0.99995,5e-05,0.23140000000000005,-2.0129,-1.7815,0.99995,0.9999807789756074
7,4,3,1009,0.8896,0.1104,0.09640000000000004,-1.5392000000000001,-1.4428,0.8896,0.9930856548856549
7,4,3,1010,1.0,0.0,0.28100000000000014,-2.2135000000000002,-1.9325,1.0,1.0
7,4,3,1011,0.9987,0.0013,0.1291,-1.2701,-1.141,0.9987,0.9998678607983624
7,4,3,1013,1.0,0.0,0.2791999999999999,-1.2591999999999999,-0.98,1.0,1.0
7,4,3,1014,0.99985,0.0001,0.2936000000000001,-2.4187,-2.1250999999999998,0.99985,0.9999623310042582
7,4,3,1015,0.9994,0.00025,0.48519999999999985,-3.1454,-2.6602,0.9994,0.9998158707954473
7,4,3,1016,0.99995,5e-05,0.25439999999999996,-1.8013,-1.5469,0.99995,0.9999929384333538
7,4,3,1017,0.99905,0.00035,0.6239000000000003,-2.2983000000000002,-1.6743999999999999,0.99905,0.999695559761563
7,4,3,1018,1.0,0.0,0.2016,-1.7926,-1.591,1.0,1.0
7,4,3,1019,0.92055,0.0789,0.005900000000000016,-1.8113000000000001,-1.8054000000000001,0.92055,0.9995984403467122
7,4,3,1020,0.9998,5e-05,0.11059999999999981,-1.7203,-1.6097000000000001,0.9998,0.9999503545893158
7,4,3,1021,0.98375,0.0162,0.13649999999999984,-2.2473,-2.1108000000000002,0.98375,0.9989990966938105
7,4,3,1023,1.0,0.0,0.3599999999999999,-2.6397,-2.2797,1.0,1.0
7,4,3,1024,0.99635,0.0032,0.15510000000000002,-2.1296,-1.9745,0.99635,0.999571229338843
7,4,3,1025,0.99295,0.00705,0.03329999999999966,-2.3133999999999997,-2.2801,0.99295,0.9998985194951155
7,4,3,1026,0.83105,0.16895,0.06599999999999984,-1.4734999999999998,-1.4075,0.83105,0.992432507634883
7,4,3,1027,0.99995,5e-05,0.2139000000000002,-2.2576,-2.0437,0.99995,0.9999947599220411
7,4,3,1028,0.9989,0.0011,0.28700000000000014,-1.4224,-1.1354,0.9989,0.9997780511811023
7,4,3,1031,0.9992,0.0006,0.16800000000000015,-1.7834999999999999,-1.6154999999999997,0.9992,0.9998958592654894
7,4,3,1032,0.92565,0.07435,0.027699999999999836,-1.4022999999999999,-1.3746,0.92565,0.9985313449333239
7,4,3,1033,0.9994,0.00055,0.3192999999999999,-1.7223,-1.403,0.9994,0.9998463043604484
7,4,3,1034,0.7555,0.24445,0.04800000000000004,-1.3388,-1.2908,0.7555,0.9912327457424559
7,4,3,1035,1.0,0.0,0.3485999999999998,-2.2965,-1.9479000000000002,1.0,1.0
7,4,3,1036,0.99995,5e-05,0.09470000000000023,-2.0354,-1.9406999999999999,0.99995,0.9999976736759358
7,4,3,1037,0.99995,5e-05,0.18699999999999983,-1.8994999999999997,-1.7125,0.99995,0.9999842563832586
7,4,3,1038,0.9997,0.00015,0.6793,-3.2519,-2.5726,0.9997,0.9999222254681878
7,4,3,1040,0.45895,0.3198,0.0815999999999999,-1.0021,-0.9205000000000001,0.45895,0.9493893324019561
7,4,3,1041,0.7246,0.2752,0.049100000000000144,-1.8258,-1.7767,0.7246,0.9925735431043927
7,4,3,1042,0.9967,0.00275,0.3004000000000002,-2.1326,-1.8321999999999998,0.9967,0.9993829972803152
7,4,3,1044,1.0,0.0,0.1883999999999999,-1.4429,-1.2545000000000002,1.0,1.0
7,4,3,1045,0.998,0.002,0.10960000000000014,-1.8919000000000001,-1.7823,0.998,0.9998841376394101
7,4,3,1046,0.9999,5e-05,0.20209999999999972,-2.2074,-2.0053,0.9999,0.9999848011234935
7,4,3,1047,0.57745,0.4221,0.007099999999999884,-1.8228,-1.8157,0.57745,0.9981920342330481
7,4,3,1048,0.9999,5e-05,0.2614000000000001,-2.3128,-2.0514,0.9999,0.9999835567277757
7,4,3,1049,1.0,0.0,0.34630000000000005,-1.416,-1.0696999999999999,1.0,1.0
7,4,3,1050,0.9997,0.00015,0.7207000000000001,-2.4931,-1.7724,0.9997,0.9999104307889776
7,4,3,1051,0.99965,0.0002,0.08579999999999988,-1.9741,-1.8883,0.99965,0.9999454536244363
7,4,3,1052,0.99915,0.00085,0.08250000000000002,-1.8519999999999999,-1.7694999999999999,0.99915,0.9999621355291576
7,4,3,1053,0.84145,0.15845,0.03069999999999995,-1.3593,-1.3286,0.15845,0.9809745972191569
7,4,3,1054,0.9984,0.00155,0.15839999999999987,-1.5706,-1.4122000000000001,0.9984,0.9998262988666752
7,4,3,1056,0.8119,0.1881,0.00550000000000006,-1.4128,-1.4073,0.1881,0.9968392907701018
7,4,3,1057,0.99935,0.00045,0.1955,-2.1486,-1.9531,0.99935,0.9998824932514195
7,4,3,1058,0.2808,0.1452,0.06099999999999994,-0.9653999999999999,-0.9044,0.1407,0.9126679407499484
7,4,3,1059,0.99925,0.00035,0.0726,-2.3146,-2.242,0.99925,0.9999192970707682
7,4,3,1060,0.9644,0.03405,0.008099999999999774,-1.3357999999999999,-1.3277,0.03405,0.9939658856116186
7,4,3,1063,0.94675,0.0493,0.08850000000000002,-1.4192,-1.3307,0.94675,0.9965365980834271
7,4,3,1064,0.99995,5e-05,0.2079000000000002,-2.1933000000000002,-1.9854,0.99995,0.9999841654128483
7,4,3,1065,0.97905,0.01905,0.023900000000000254,-1.6572,-1.6332999999999998,0.01905,0.9855966358918657
7,4,3,1066,0.9997,0.00025,0.14690000000000003,-2.153,-2.0061,0.9997,0.9999635392475617
7,4,3,1067,0.5614,0.42875,0.03589999999999982,-1.3405,-1.3046000000000002,0.5614,0.987809276389407
7,4,3,1068,1.0,0.0,0.15980000000000016,-1.5598,-1.4,1.0,1.0
7,4,3,1072,0.999,0.00095,0.16269999999999984,-1.6155,-1.4528,0.999,0.9998934014237078
7,4,3,1073,0.99855,0.0011,0.1503000000000001,-1.9013,-1.751,0.99855,0.9998071819281544
7,4,3,1074,1.0,0.0,0.38529999999999975,-1.9482999999999997,-1.563,1.0,1.0
7,4,3,1075,0.78205,0.1917,0.010700000000000154,-1.3757,-1.3649999999999998,0.0236,0.9914846805262775
7,4,3,1076,0.47765,0.4188,0.00649999999999995,-1.7913,-1.7848,0.4188,0.9947430469491432
7,4,3,1077,0.69085,0.22255,0.07329999999999992,-1.7484,-1.6751,0.22255,0.9613018960192176
7,4,3,1079,0.99955,0.0003,0.2869999999999999,-2.7824,-2.4954,0.99955,0.9999530387435308
7,4,3,1080,0.52,0.48,0.022999999999999687,-1.8138999999999998,-1.7909000000000002,0.52,0.9939136666850433
7,4,3,1081,0.99995,5e-05,0.0806,-2.3552,-2.2746,0.99995,0.9999836277173915
7,4,3,1083,0.99995,5e-05,0.5772999999999999,-2.3179,-1.7406,0.99995,0.9999875469174684
7,4,3,1084,0.9856,0.0144,0.07720000000000016,-1.6582000000000001,-1.581,0.9856,0.9993295862983957
7,4,3,1085,0.8341,0.1653,0.0007999999999999119,-2.1502999999999997,-2.1494999999999997,0.8341,0.9997586755336464
7,4,3,1086,1.0,0.0,0.6230000000000002,-2.2446,-1.6216,1.0,1.0
7,4,3,1087,0.99855,0.00145,0.10840000000000005,-1.8599999999999999,-1.7515999999999998,0.99855,0.9999154946236559
7,4,3,1088,0.99985,0.00015,0.17310000000000003,-1.7157,-1.5426,0.99985,0.9999428921140059
7,4,3,1089,0.85775,0.14225,0.0118999999999998,-2.6601,-2.6482,0.85775,0.9993636423442728
7,4,3,1091,0.9887,0.0113,0.119,-1.6285,-1.5095,0.9887,0.9991742708013509
7,4,3,1092,0.99915,0.00055,0.6846000000000001,-2.8069,-2.1223,0.99915,0.9997150557554598
7,4,3,1093,0.94545,0.0478,0.018100000000000005,-1.7486000000000002,-1.7305000000000001,0.94545,0.999336246139769
7,4,3,1094,1.0,0.0,0.09330000000000016,-1.6137000000000001,-1.5204,1.0,1.0
7,4,3,1095,0.99865,0.0011,0.2879999999999998,-2.7765,-2.4885,0.99865,0.9997989825319648
7,4,3,1096,0.5825,0.41745,0.08079999999999998,-1.9564,-1.8756,0.41745,0.9759390487630341
7,4,3,1097,0.99975,0.00025,0.38849999999999985,-2.1647,-1.7762,0.99975,0.9999138795214118
7,4,3,1098,1.0,0.0,0.18190000000000017,-1.7432,-1.5613,1.0,1.0
7,4,3,1099,0.99995,5e-05,0.1531,-1.9143000000000001,-1.7612,0.99995,0.9999960011492453
7,4,3,1100,0.9972,0.0027,0.19419999999999993,-1.2204,-1.0262,0.9972,0.999502859718125
7,4,3,1101,0.9999,0.0001,0.24439999999999973,-2.3306999999999998,-2.0863,0.9999,0.9999652035869052
7,4,3,1102,0.9997,0.0003,0.3345,-1.4133,-1.0788,0.9997,0.999928995966886
7,4,3,1103,1.0,0.0,0.17949999999999977,-2.1445,-1.965,1.0,1.0
7,4,3,1104,0.99985,0.00015,0.1521999999999999,-1.5103,-1.3581,0.99985,0.9999848837979209
7,4,3,1105,0.99955,0.0004,0.17410000000000014,-2.1476,-1.9735,0.99955,0.9999510639783943
7,4,3,1108,0.99995,5e-05,0.32760000000000034,-2.2259,-1.8982999999999999,0.99995,0.999991279931713
7,4,3,1109,0.9183,0.0512,0.04949999999999988,-1.6096,-1.5601,0.0512,0.9663090550447316
7,4,3,1110,0.75925,0.24075,0.054300000000000015,-1.5293999999999999,-1.4750999999999999,0.75925,0.9914523832875638
7,4,3,1111,1.0,0.0,0.22899999999999987,-1.9864,-1.7574,1.0,1.0
7,4,3,1112,0.99695,0.00295,0.2174999999999998,-1.9880999999999998,-1.7706,0.99695,0.9996371636235603
7,4,3,1113,0.99985,0.0001,0.19169999999999998,-1.1071,-0.9154,0.99985,0.9999705807966761
7,4,3,1115,1.0,0.0,0.16519999999999957,-2.5294,-2.3642000000000003,1.0,1.0
7,4,3,1116,0.99885,0.00115,0.2833000000000001,-2.0099,-1.7266,0.99885,0.9998055201751331
7,4,3,1117,0.99935,0.0004,0.17569999999999997,-2.2942,-2.1185,0.99935,0.9998906590532646
7,4,3,1118,0.9989,0.0005,0.43000000000000016,-3.3483,-2.9183,0.9989,0.9997366902607292
7,4,3,1119,0.9999,5e-05,0.22049999999999992,-2.6873,-2.4668,0.9999,0.9999874930227366
7,4,3,1120,0.99985,0.00015,0.07750000000000012,-2.5853,-2.5078,0.99985,0.9999955034232004
7,4,3,1121,0.9921,0.0079,0.011700000000000044,-1.4434,-1.4317,0.0079,0.9919581751420256
7,4,3,1122,0.5534,0.4466,0.06980000000000008,-1.5543000000000002,-1.4845000000000002,0.5534,0.9799442321302195
7,4,3,1123,0.8726,0.0968,0.12080000000000002,-1.7576,-1.6368,0.8726,0.9863964326354119
7,4,3,1124,0.99995,5e-05,0.5865,-2.9916,-2.4051,0.99995,0.9999883941703437
7,4,3,1125,0.97535,0.02465,0.009600000000000053,-1.4317000000000002,-1.4221000000000001,0.02465,0.9934599706642453
7,4,3,1127,0.99325,0.00665,0.11880000000000002,-1.5031,-1.3843,0.99325,0.9994591377819173
7,4,3,1128,0.6394,0.36025,0.013800000000000034,-1.5946,-1.5808,0.6394,0.9968445033237175
7,4,3,1129,0.97,0.02995,0.14829999999999988,-1.3392,-1.1909,0.97,0.9966728643966547
7,4,3,1130,0.55175,0.41085,0.0027999999999999137,-1.6094,-1.6066,0.55175,0.9980605443022245
7,4,3,1131,1.0,0.0,0.12080000000000002,-1.5564,-1.4356,1.0,1.0
7,4,3,1132,0.89205,0.09505,0.41149999999999975,-2.3646,-1.9531,0.89205,0.9807847923538865
7,4,3,1135,0.9999,0.0001,0.15539999999999976,-2.5463,-2.3909000000000002,0.9999,0.999991305030829
7,4,3,1136,0.99985,0.00015,0.06529999999999991,-1.5194999999999999,-1.4542,0.99985,0.9999935538005923
7,4,3,1138,0.99955,0.00045,0.3197000000000001,-1.9337,-1.6139999999999999,0.99955,0.9999256011790867
7,4,3,1140,0.99995,5e-05,0.43789999999999973,-2.098,-1.6601000000000001,0.99995,0.9999829003813155
7,4,3,1142,1.0,0.0,0.3045,-1.9698,-1.6653,1.0,1.0
7,4,3,1143,1.0,0.0,0.22870000000000013,-1.9967000000000001,-1.768,1.0,0.9999999999999999
7,4,3,1145,1.0,0.0,0.43090000000000006,-2.2259,-1.7950000000000002,1.0,1.0
7,4,3,1146,0.94035,0.05965,0.0411999999999999,-1.6505,-1.6093000000000002,0.94035,0.9985110087852166
7,4,3,1147,0.98305,0.01655,0.0717000000000001,-1.6817,-1.6099999999999999,0.98305,0.998678982577154
7,4,3,1148,0.9929,0.00705,0.08099999999999974,-1.7917999999999998,-1.7108,0.9929,0.9996737610224354
7,4,3,1149,0.99985,0.00015,0.24090000000000011,-1.5946,-1.3537,0.99985,0.999977339144613
7,4,3,1150,0.99995,5e-05,0.14759999999999995,-1.9352,-1.7876,0.99995,0.9999836761058288
7,4,3,1151,0.99955,0.0002,0.06669999999999998,-1.506,-1.4393,0.99955,0.999950056440903
7,4,3,1152,1.0,0.0,0.4113,-1.6863000000000001,-1.2750000000000001,1.0,0.9999999999999999
7,4,3,1153,0.55085,0.449,0.060699999999999976,-1.1192,-1.0585,0.55085,0.9756320407433882
7,4,3,1154,1.0,0.0,0.08299999999999974,-1.6763,-1.5933000000000002,1.0,1.0
7,4,3,1155,0.9999,0.0001,0.2892000000000001,-2.1421,-1.8529,0.9999,0.999986499229728
7,4,3,1156,0.9997,0.0003,0.15080000000000005,-1.8691000000000002,-1.7183000000000002,0.9997,0.9999757958375689
7,4,3,1158,0.99975,0.0002,0.12129999999999974,-2.4785,-2.3572,0.99975,0.9999720899737744
7,4,3,1159,0.99995,5e-05,0.2916000000000003,-2.2004,-1.9087999999999998,0.99995,0.9999933739320125
7,4,3,1160,0.9971,0.0029,0.20050000000000012,-1.6716000000000002,-1.4711,0.9971,0.9996521596075614
7,4,3,1161,0.99925,0.00055,0.4579000000000004,-2.6477000000000004,-2.1898,0.99925,0.9998073006760585
7,4,3,1162,0.99955,0.00045,0.14939999999999998,-1.2934,-1.1440000000000001,0.99955,0.9999410623163755
7,4,3,1164,0.9998,0.0002,0.1492,-2.1107,-1.9615,0.9998,0.9999366939877767
7,4,3,1166,0.82875,0.17125,0.03950000000000031,-1.3151000000000002,-1.2755999999999998,0.82875,0.9948563797429852
7,4,3,1167,0.5566,0.4342,0.012900000000000134,-2.1179,-2.105,0.5566,0.9915205887907833
7,4,3,1168,0.94095,0.059,0.11450000000000005,-1.8368,-1.7223,0.94095,0.996314664089721
7,4,3,1169,1.0,0.0,0.47219999999999995,-1.8414,-1.3692,1.0,1.0
7,4,3,1171,1.0,0.0,0.23350000000000026,-1.8406000000000002,-1.6071,1.0,1.0000000000000002
7,4,3,1172,0.99995,5e-05,0.09810000000000008,-1.8247,-1.7266,0.99995,0.9999937030744779
7,4,3,1173,0.9977,0.0023,0.17030000000000012,-1.8282000000000003,-1.6579000000000002,0.9977,0.9997857510119244
7,4,3,1174,0.9897,0.0103,0.1197999999999999,-1.5147,-1.3949,0.9897,0.9991853568363371
7,4,3,1175,0.9318,0.0682,0.024700000000000166,-1.3824,-1.3577,0.9318,0.9987814380787037
7,4,3,1176,0.99945,0.00025,0.2125999999999999,-1.9490999999999998,-1.7365,0.99945,0.9997670437637887
7,4,3,1177,0.9996,0.00025,0.5157,-2.4397,-1.9240000000000002,0.9996,0.9998687625527728
7,4,3,1178,0.6995,0.3004,0.011199999999999877,-1.6905999999999999,-1.6794,0.3004,0.995357228203005
7,4,3,1180,0.94105,0.0419,0.00019999999999997797,-0.9206000000000001,-0.9204000000000001,0.0419,0.9974263197914406
7,4,3,1181,1.0,0.0,0.24180000000000001,-2.11,-1.8681999999999999,1.0,1.0
7,4,3,1183,0.865,0.08205,0.0242,-1.4346,-1.4104,0.865,0.9936300362470375
7,4,3,1185,0.9999,0.0001,0.36349999999999993,-2.0959,-1.7324,0.9999,0.9999816212605563
7,4,3,1186,0.909,0.05925,0.012900000000000134,-1.915,-1.9021,0.05925,0.9927144778067886
7,4,3,1187,0.9989,0.0011,0.0015999999999998238,-1.9657,-1.9641000000000002,0.9989,0.9999991046446559
7,4,3,1188,0.9603,0.0369,0.29289999999999994,-1.5394999999999999,-1.2466,0.9603,0.9915709775901268
7,4,3,1189,0.99935,0.0003,0.32200000000000006,-2.2742,-1.9522,0.99935,0.9998027987863866
7,4,3,1190,0.999,0.00085,0.16359999999999975,-2.752,-2.5884,0.999,0.9999034883720932
7,4,3,1191,0.9998,0.0002,0.1318999999999999,-2.1465,-2.0146,0.9998,0.9999776846028418
7,4,3,1192,0.97805,0.01985,0.1845000000000001,-1.4153,-1.2308,0.97805,0.9969670281919029
7,4,3,1193,0.9998,0.0002,0.3721000000000001,-2.379,-2.0069,0.9998,0.9999256746532156
7,4,3,1194,1.0,0.0,0.2339,-1.2978,-1.0639,1.0,1.0
7,4,3,1195,0.99945,0.0005,0.16759999999999975,-1.9731999999999998,-1.8056,0.99945,0.9999488191769713
7,4,3,1200,0.79255,0.20525,0.05500000000000016,-1.7284000000000002,-1.6734,0.20525,0.9746607324693358
7,4,3,1201,0.9999,0.0001,0.35330000000000017,-2.1945,-1.8412,0.9999,0.9999720665299613
7,4,3,1202,1.0,0.0,0.14949999999999974,-2.3110999999999997,-2.1616,1.0,1.0
7,4,3,1203,0.5789,0.4211,0.008199999999999985,-1.9757,-1.9675,0.5789,0.9982522548969985
7,4,3,1204,0.9607,0.0382,0.062100000000000044,-1.658,-1.5958999999999999,0.9607,0.9985195355850424
7,4,3,1206,0.99975,0.00015,0.27059999999999995,-1.6042999999999998,-1.3336999999999999,0.99975,0.9999235398616219
7,4,3,1207,0.3435,0.30365,0.01220000000000021,-1.1947,-1.1824999999999999,0.2309,0.955783648614715
7,4,3,1208,0.9997,0.00025,0.07850000000000001,-2.8353,-2.7568,0.9997,0.9999764822064684
7,4,3,1210,0.9788,0.0199,0.08520000000000016,-1.6280000000000001,-1.5428,0.9788,0.9987788083538084
7,4,3,1214,0.7896,0.2104,0.018999999999999906,-1.4608,-1.4418000000000002,0.2104,0.9897300109529026
7,4,3,1215,0.996,0.00395,0.09399999999999986,-1.5024,-1.4084,0.996,0.9997472776890308
7,4,3,1216,0.99975,0.0002,0.3769999999999998,-2.1351,-1.7581000000000002,0.99975,0.9998994941688913
7,4,3,1217,0.9999,5e-05,0.13470000000000004,-1.1947,-1.06,0.9999,0.9999866786640998
7,4,3,1218,0.7212,0.2788,0.042200000000000015,-1.7503,-1.7081,0.2788,0.9826117579843454
7,4,3,1220,0.99725,0.00275,0.01869999999999994,-1.6566,-1.6379000000000001,0.99725,0.99996895750332
7,4,3,1222,0.9991,0.00075,0.5670999999999999,-2.4966,-1.9295,0.9991,0.9996639730032842
7,4,3,1223,0.9998,0.0002,0.024499999999999744,-1.8527999999999998,-1.8283,0.9998,0.9999973553540588
7,4,3,1224,0.667,0.33295,0.03259999999999996,-1.7183,-1.6857,0.33295,0.9873323866612349
7,4,3,1225,0.99995,5e-05,0.2421000000000002,-2.341,-2.0989,0.99995,0.9999834365655702
7,4,3,1226,0.8714,0.12855,0.06119999999999992,-1.8178,-1.7566000000000002,0.8714,0.9956684591264165
7,4,3,1227,0.9998,0.0002,0.34150000000000014,-1.2835,-0.942,0.9998,0.9999467861316713
7,4,3,1229,0.99995,5e-05,0.1604000000000001,-2.0177,-1.8573,0.99995,0.9999815086484612
7,4,3,1230,0.99305,0.0041,0.060900000000000176,-1.3852,-1.3242999999999998,0.99305,0.9994925822985851
7,4,3,1231,1.0,0.0,0.4687000000000001,-1.9413,-1.4726,1.0,1.0
7,4,3,1232,1.0,0.0,0.17789999999999995,-1.899,-1.7211,1.0,1.0
7,4,3,1234,1.0,0.0,0.4716,-2.1046,-1.633,1.0,1.0
7,4,3,1235,0.9996,0.0003,0.22379999999999978,-1.8971999999999998,-1.6734,0.9996,0.9999339974699556
7,4,3,1236,0.9897,0.0103,0.013700000000000045,-1.7433,-1.7296,0.9897,0.9999190558136866
7,4,3,1237,0.9996,0.0003,0.3275000000000001,-2.4931,-2.1656,0.9996,0.999863066062332
7,4,3,1238,1.0,0.0,0.20140000000000002,-2.1461,-1.9447,1.0,1.0
7,4,3,1239,0.99995,5e-05,0.45389999999999997,-2.2335,-1.7795999999999998,0.99995,0.999983366912917
7,4,3,1240,0.9886,0.0111,0.02980000000000005,-1.3462,-1.3164,0.9886,0.9997209701381665
7,4,3,1241,0.7839,0.11315,0.041100000000000136,-1.2705000000000002,-1.2294,0.7839,0.9879417985045257
7,4,3,1242,0.99785,0.00215,0.15849999999999964,-2.6148,-2.4563,0.99785,0.9998686878537555
7,4,3,1243,0.9978,0.00125,0.7111000000000001,-2.7295,-2.0183999999999997,0.9978,0.9993395603590401
7,4,3,1246,0.98845,0.01075,0.14439999999999986,-1.8624999999999998,-1.7181,0.98845,0.9987639409395972
7,4,3,1247,0.9967,0.00265,0.22420000000000018,-1.5028000000000001,-1.2786,0.9967,0.9994501929731169
7,4,3,1249,0.99955,0.00035,0.3105000000000002,-2.0737,-1.7631999999999999,0.99955,0.9998820321165067
7,4,3,1250,0.9999,5e-05,0.33320000000000016,-2.402,-2.0688,0.9999,0.999971623646961
7,4,3,1251,0.9772,0.0228,0.10530000000000006,-0.7412000000000001,-0.6359,0.9772,0.9967608742579601
7,4,3,1252,0.6904,0.3095,0.0041999999999999815,-1.1097,-1.1055,0.3095,0.9973708299540416
7,4,3,1253,1.0,0.0,0.37650000000000006,-1.9117,-1.5352,1.0,1.0
7,4,3,1255,1.0,0.0,0.35819999999999985,-1.8054,-1.4472,1.0,1.0
7,4,3,1256,0.9997,0.00025,0.2560000000000002,-2.625,-2.3689999999999998,0.9997,0.9999699142857142
7,4,3,1257,0.99995,5e-05,0.33720000000000017,-2.072,-1.7348,0.99995,0.9999908397683397
7,4,3,1259,0.99915,0.0005,0.11170000000000035,-2.3197,-2.2079999999999997,0.99915,0.9998406582747768
7,4,3,1260,0.9999,0.0001,0.23059999999999992,-1.6254,-1.3948,0.9999,0.9999835240556171
7,4,3,1261,1.0,0.0,0.20900000000000007,-2.3632,-2.1542,1.0,1.0
7,4,3,1262,0.9856,0.0139,0.16310000000000002,-1.7345000000000002,-1.5714000000000001,0.9856,0.9985988699913517
7,4,3,1263,0.97885,0.0209,0.029999999999999805,-2.2996,-2.2696,0.97885,0.9996401461123673
